,osm_id,building_name,date
0,182467493,Graceful Court,19/10/2022
1,1023116431,Nam Pak Hong Building,19/10/2022
2,183152353,Fortune Villa,19/10/2022
3,695857077,Fu Wah Building,19/10/2022
4,692605003,Lucky Building,19/10/2022
5,205754738,Yee Fung Court,19/10/2022
6,168456119,Fairview Mansion,19/10/2022
7,1022525175,Universal Building,19/10/2022
8,448900879,Merry Court,19/10/2022
9,155738218,Luen Hing Apartments,19/10/2022
10,406591144,Hing Lee Building,19/10/2022
11,743371808,Talon Tower,19/10/2022
12,174743082,Kam Shing House,19/10/2022
13,589474811,Kam Tong Building,19/10/2022
14,367544823,Long Mansion,19/10/2022
15,770819288,Richmond Court,19/10/2022
16,202156008,Cadogan,18/10/2022
17,770830209,Tai Hing Building,18/10/2022
18,1023133807,Winsing Building,18/10/2022
19,504642003,Wing Cheung Building,18/10/2022
20,256468175,The Hudson,18/10/2022
21,457375902,Cheung Fai Building,18/10/2022
22,540593467,Fook Sing Court,18/10/2022
23,951843092,Island Crest,18/10/2022
24,155738217,Luen Gay Apartments,18/10/2022
25,155738220,Luen On Apartments,18/10/2022
26,763914525,One ArtLane,18/10/2022
27,969277824,Evora Building,18/10/2022
28,707823919,Serene Court,18/10/2022
29,494460856,Intelligent Court,17/10/2022
30,182208638,Swire Building,17/10/2022
31,197982556,On Wing Building,17/10/2022
32,289375779,Skyline Mansion,17/10/2022
33,738820322,Rich Court,17/10/2022
34,566505865,Hang Fai Building,17/10/2022
35,356689229,Brilliant Court,17/10/2022
36,832192986,To Li Garden,17/10/2022
37,406206188,Ko Shing Building,17/10/2022
38,539895745,Seymour Place,16/10/2022
39,539955761,Borrett Mansions,16/10/2022
40,463043761,Elegance Court,16/10/2022
41,178740246,Man King Building,16/10/2022
42,540115811,Princeton Tower,16/10/2022
43,182467494,Sang Cheong Building,16/10/2022
44,463041705,Woodland Court,16/10/2022
45,485604641,Jade Court,16/10/2022
46,957103739,Pokfield Garden,16/10/2022
47,902702409,Golden Lodge,16/10/2022
48,495258918,Kam Fung Mansion,16/10/2022
49,507822296,Shun Hing Building,16/10/2022
50,692727670,Yu Hing Mansion,16/10/2022
51,969259838,Welland Building,15/10/2022
52,492669836,Cartwright Gardens,15/10/2022
53,492669023,On Fung Building,15/10/2022
54,457923829,Fortuna Building,15/10/2022
55,183152346,Bowie Court,15/10/2022
56,1023120840,Winsome House,15/10/2022
57,155738222,Luen Wai Apartments,15/10/2022
58,666639992,Cordial Mansion,14/10/2022
59,630387481,The Nova,14/10/2022
60,707823919,Serene Court,14/10/2022
61,540326052,Hollywood Centre,14/10/2022
62,182467447,Kam Ling Court,14/10/2022
63,695608056,Shun On Building,14/10/2022
64,153521328,Manhattan Heights,14/10/2022
65,571014898,Tung Fat Building,13/10/2022
66,540389809,Welley Building,13/10/2022
67,757325699,On Fat Building,13/10/2022
68,183152357,Kai Fung Building,13/10/2022
69,832192985,Chin Hom Court,13/10/2022
70,100432547,Hang Sing Mansion,13/10/2022
71,492807125,Wah Po Building,13/10/2022
72,583938530,North Point Terrace,19/10/2022
73,670646621,Tai On Building,19/10/2022
74,296724566,Tai Chow House,19/10/2022
75,296724574,Tai Ming House,19/10/2022
76,734097989,Wealthy Court,19/10/2022
77,694667611,Jade Mansion,19/10/2022
78,101959238,Fortress Metro Tower,19/10/2022
79,694029107,Tak Lee Building,19/10/2022
80,694530933,Hang Ying House,19/10/2022
81,406611001,Wai Lee Building,19/10/2022
82,100228389,Sun Sing Centre,19/10/2022
83,100687598,Metropole Building,19/10/2022
84,669960909,Tung Lam Court,19/10/2022
85,296724524,Oceanic Mansion,19/10/2022
86,296725043,Yick Cheong Building,19/10/2022
87,296724610,Yick Fat Building,19/10/2022
88,296724410,Fook Cheong Building,19/10/2022
89,779325125,Kam Ping Mansion,19/10/2022
90,112907771,Arden Court,19/10/2022
91,820386838,Kar On House,18/10/2022
92,451500259,Tai Chung Building,18/10/2022
93,770830209,Tai Hing Building,18/10/2022
94,171513912,Tai Hong House,18/10/2022
95,296724578,Tai Sing House,18/10/2022
96,296724573,Tai Lung House,18/10/2022
97,296724806,Fu Yan Court,18/10/2022
98,759412058,Fulham Court,18/10/2022
99,100521556,Ling Pak Mansion,18/10/2022
100,659362684,Po Wah Building,18/10/2022
101,696146755,Tung Tai House,18/10/2022
102,659362711,The Eastborne,18/10/2022
103,659362713,Tung Hing Building,18/10/2022
104,271666633,Harmony Place,18/10/2022
105,296724782,Hoi Ching Mansion,18/10/2022
106,820386834,Wah Hong Mansion,18/10/2022
107,492807123,Fung Yuen Building,18/10/2022
108,776900437,Kim Fat Mansion,18/10/2022
109,776928427,Hung Lee Building,18/10/2022
110,700059215,Grand Villa,17/10/2022
111,44823199,Tai Foo House,17/10/2022
112,296724519,Montane Mansion,17/10/2022
113,691447820,Goldfield Mansion,17/10/2022
114,457923830,Hung Fook Building,17/10/2022
115,493711484,Princess Mansion,16/10/2022
116,838104638,Lee Fat Mansion,16/10/2022
117,692972859,Ka Wing Building,16/10/2022
118,776930255,Ka Yue Building,16/10/2022
119,100009681,On Ming Mansion,16/10/2022
120,100009684,On Tsui Mansion,16/10/2022
121,501116266,Po Fung Building,16/10/2022
122,427345299,One Prestige,16/10/2022
123,190470900,Man Wah Building,16/10/2022
124,457926082,Yuet Ming Building,16/10/2022
125,100103872,Tung Shing Court,16/10/2022
126,296724955,East Residences,16/10/2022
127,101211368,Bayview Park,16/10/2022
128,746293672,Yiu Ming Building,16/10/2022
129,820386821,Wah Hai Mansion,16/10/2022
130,694667605,Kam Wa Building,16/10/2022
131,206062297,Southern Building,15/10/2022
132,296724571,Tai Kut House,15/10/2022
133,775198740,Vicky Court,15/10/2022
134,775198738,Suncliffe Place,15/10/2022
135,777087865,Hong Wah Mansion,15/10/2022
136,493758766,Tung Sing Building,15/10/2022
137,296724549,Sai Wan Ho Building,15/10/2022
138,675124168,Victor Court,14/10/2022
139,679681280,Cannon Garden,14/10/2022
140,776930262,Aldrich House,14/10/2022
141,779325107,Villa Claire,14/10/2022
142,715087993,Tung Keung Building,14/10/2022
143,175870534,Tung Wong House,14/10/2022
144,563505630,Wing Fat Building,14/10/2022
145,205694157,United Building,14/10/2022
146,494292956,Ching Fai Terrace,14/10/2022
147,494292953,Wah Kin Mansion,14/10/2022
148,492672576,Metro Mansion,14/10/2022
149,738820314,Hong Lok Building,13/10/2022
150,458497221,King Fai Building,13/10/2022
151,457923831,Pak Fook Building,13/10/2022
152,707823919,Serene Court,13/10/2022
153,258413482,Wah Tai Mansion,13/10/2022
154,669181657,Silver Centre Building,15/10/2022
155,322427555,Peng Kwai Villa,14/10/2022
156,692605003,Lucky Building,19/10/2022
157,784781716,Chung Nam Mansion,19/10/2022
158,151396617,Harbour Grand Kowloon,19/10/2022
159,699068843,Axis,19/10/2022
160,699848152,Kiu Shing Building,19/10/2022
161,699045879,Kiu Yu Mansion,19/10/2022
162,674611347,Siu Fung Court,19/10/2022
163,209817134,Cambridge Court,19/10/2022
164,692427043,Triumph Terrace,19/10/2022
165,692427033,Peace Mansion,19/10/2022
166,428687495,Honour Building,19/10/2022
167,406591131,Po Sun Mansion,19/10/2022
168,205695072,Lux Theatre Building,19/10/2022
169,934531904,Sheung Shing Court,19/10/2022
170,692421682,Nin Fung Building,19/10/2022
171,691469180,Sun Hong House,19/10/2022
172,439370540,Tung Po Building,19/10/2022
173,691447786,Zebrano,19/10/2022
174,189017586,Wing Wo Building,19/10/2022
175,485604611,Fortune Court,19/10/2022
176,691429769,Fook Chi Building,19/10/2022
177,509013063,Man Kee Mansion,19/10/2022
178,100444470,Marigold Mansion,19/10/2022
179,683966641,Wei King Building,19/10/2022
180,406591127,Wuhu Residence,19/10/2022
181,109748439,Kam Wah House,19/10/2022
182,698983654,Lung Teck Mansion,19/10/2022
183,197733647,Kwun Hei Court,18/10/2022
184,691049940,Oxford Heights,18/10/2022
185,691010393,Rockford Mansion,18/10/2022
186,446478586,Sung Shun Building,18/10/2022
187,691449751,Comfort Court,18/10/2022
188,699203003,Yee Fu Building,18/10/2022
189,509602167,La Lumiere,18/10/2022
190,692421673,Sunland Court,18/10/2022
191,439362262,Cheong Shing Court,18/10/2022
192,439371920,Tung Hoi Building,18/10/2022
193,567239501,Wing Fung Building,18/10/2022
194,692964656,Wing Lee Building,18/10/2022
195,406591150,Wing Tak Mansion,18/10/2022
196,694534404,Kings Hotel,18/10/2022
197,691449738,Fuk Luen Building,18/10/2022
198,1028643853,Fook Wan Mansion,18/10/2022
199,174743082,Kam Shing House,18/10/2022
200,457633792,Shun King Building,18/10/2022
201,184430871,Kerry Hotel Hong Kong,18/10/2022
202,463042753,Crystal Court,18/10/2022
203,406591128,Berkeley Building,17/10/2022
204,509613015,Star Ruby,17/10/2022
205,700059206,Shung Fu Building,17/10/2022
206,700059216,Hing Cheung Building,17/10/2022
207,439362258,Chat Ma Mansion,17/10/2022
208,589474811,Kam Tong Building,17/10/2022
209,125578427,Kam Wah Building,17/10/2022
210,691469181,Loong Pont House,17/10/2022
211,699848153,Chung Hwa Building,16/10/2022
212,746979911,Hip Fai Building,16/10/2022
213,700020447,To Kwa Wan Mansion,16/10/2022
214,691131129,Shing Fai Building,16/10/2022
215,356689233,Forum Court,16/10/2022
216,446478588,Sung Kim Building,16/10/2022
217,699023689,Sung Lim Building,16/10/2022
218,446478298,Sung Yee Building,16/10/2022
219,100432556,Kin On Mansion,16/10/2022
220,588141654,Sun Yue Building,16/10/2022
221,734097991,Wing Lam Building,16/10/2022
222,494724179,Tam Kung Mansion,16/10/2022
223,934531906,Tip Top Mansion,16/10/2022
224,699045880,Kiu Fat Mansion,15/10/2022
225,559068473,Victory Building,15/10/2022
226,509606188,Carlton Court,15/10/2022
227,692421679,Peace Garden,15/10/2022
228,734097984,Comfort House,15/10/2022
229,446478587,Sung King Building,15/10/2022
230,691429769,Fook Chi Building,15/10/2022
231,225777479,Lucky House,15/10/2022
232,746979897,Rammon Mansion,15/10/2022
233,691240572,Kam Fai Mansion,15/10/2022
234,691429758,Yau Lung Building,14/10/2022
235,406591132,Metro6,14/10/2022
236,699558954,On Lung Building,14/10/2022
237,746979919,Fu Yip Building,14/10/2022
238,457923829,Fortuna Building,14/10/2022
239,446478299,Sung Lai Building,14/10/2022
240,691429747,Billionnaire Avant,14/10/2022
241,378519978,Sunrise Villa,14/10/2022
242,691216455,High Place,14/10/2022
243,406591134,Gillies Mansion,14/10/2022
244,552256707,City Hub,14/10/2022
245,699817965,Merry Mansion,14/10/2022
246,692421676,Valiant Court,14/10/2022
247,692384169,Yen Yee Mansion,13/10/2022
248,692384177,Classic Mansion,13/10/2022
249,691240609,South Wall Mansion,13/10/2022
250,699241645,Hill Main Mansion,13/10/2022
251,446478589,Sung Oi Building,13/10/2022
252,692421683,Tung Nam Mansion,13/10/2022
253,692421677,Champion House,13/10/2022
254,1044155404,Wing Kin Building,13/10/2022
255,406591144,Hing Lee Building,13/10/2022
256,691212448,Nga Tsin Wai Building,13/10/2022
257,744515601,Wai Yin Building,19/10/2022
258,817830627,Edition 178,19/10/2022
259,205980891,Ching Shing Court,19/10/2022
260,261873855,Rambler Oasis Hotel,19/10/2022
261,744514855,Kwai Wah Building,18/10/2022
262,713585200,Cheong Wang Mansion,17/10/2022
263,261874499,Rambler Garden Hotel,17/10/2022
264,233635971,Kwai Fung House,17/10/2022
265,389209517,Ming Yin Building,16/10/2022
266,694205512,Tak Cheong Building,16/10/2022
267,390353346,Mai Kwai Mansion,16/10/2022
268,389685889,Kwai Loong Building,16/10/2022
269,367460269,Silka Tsuen Wan Hotel,15/10/2022
270,206061174,Kwai Fook Building,14/10/2022
271,206061597,Kwai Fung Building,14/10/2022
272,206061166,Yuet Loong Building,13/10/2022
273,206061169,Cheong Hung Mansion,13/10/2022
274,206058392,Yuet Bor Building,13/10/2022
275,206062301,Win Fong Heights,13/10/2022
276,205711887,Ching Nga Court,13/10/2022
277,228411068,Ho King Building,19/10/2022
278,252967179,Bo Fung Building,19/10/2022
279,457625713,Yuet Yiu Building,19/10/2022
280,543681873,Hoi King Mansion,19/10/2022
281,299215771,Nina Hotel Kowloon East,18/10/2022
282,700135109,Yee On Building,17/10/2022
283,494443449,Hong Ning Building,17/10/2022
284,121512626,Hong Ying Court,17/10/2022
285,457633791,Yee Cheong Building,17/10/2022
286,747011639,Man Fuk Building,17/10/2022
287,137331480,Fu Shing House,17/10/2022
288,742102562,Hung Fat Building,17/10/2022
289,543132595,Fu On Building,16/10/2022
290,684535210,Wing Ming Building,16/10/2022
291,234158666,Hip Wo House,15/10/2022
292,112706366,Wai King Building,14/10/2022
293,684429009,Ting On Building,14/10/2022
294,312926456,Hiu Kwong Court,14/10/2022
295,448850195,Lok Cheong Building,14/10/2022
296,457582621,Wing Tai Mansion,14/10/2022
297,252967214,Lai Yue Building,14/10/2022
298,684429022,Lap Hing Building,13/10/2022
299,255289131,On Shing Court,19/10/2022
300,766430630,Fu Ho Mansion,19/10/2022
301,372543673,Fortune House,18/10/2022
302,766430644,Po Cheong Building,17/10/2022
303,450190725,Po Wing Building,17/10/2022
304,370400332,Sun Ling Plaza,15/10/2022
305,231329524,Shing Fat Building,14/10/2022
306,373208737,Parkford Garden,13/10/2022
307,127286722,Hin Ming Court,19/10/2022
308,406911290,Siu Yat Building,15/10/2022
309,444076329,Ample Building,19/10/2022
310,1028434023,Pei Ho Building,19/10/2022
311,757767636,Nam Lo Mansion,19/10/2022
312,781684615,Parkone,19/10/2022
313,494453293,Yau Luen Apartments,19/10/2022
314,521898332,Ka To Building,19/10/2022
315,790726088,Cheong Wah Building,19/10/2022
316,450184800,Wing Ning Building,19/10/2022
317,746340697,Win Fair Mansion,19/10/2022
318,1028367454,Fuk On Building,19/10/2022
319,450184470,Scenic Court,19/10/2022
320,1028643854,Tse Wan Mansion,19/10/2022
321,450027708,TST Tower,19/10/2022
322,770851555,Hing Yip Apartments,19/10/2022
323,450180914,Greenrich Mansion,19/10/2022
324,450185059,Beacon Lodge,19/10/2022
325,256670614,Kam Yee House,19/10/2022
326,391317235,Kam Fai Building,19/10/2022
327,815631044,Cheung On Building,19/10/2022
328,450184894,The Sorentino,19/10/2022
329,770830218,Un On Building,18/10/2022
330,1089876447,Yau Loy Building,18/10/2022
331,742102531,Tai Tak Building,18/10/2022
332,515197506,On Fai Building,18/10/2022
333,709831880,Furama Building,18/10/2022
334,703349561,Kweilin Mansion,18/10/2022
335,684535210,Wing Ming Building,18/10/2022
336,781684616,Hai Tan Mansion,18/10/2022
337,450184469,Hing Wah Apartments,18/10/2022
338,753519779,Yiu Fai Mansion,18/10/2022
339,494288711,Man On Building,18/10/2022
340,775678468,South Ocean Building,17/10/2022
341,753291625,The Amused,17/10/2022
342,694530913,Fu Cheong Building,17/10/2022
343,507897768,Cheung Hong Building,17/10/2022
344,450181044,Hing Lung Building,17/10/2022
345,694056703,Wai Yip Building,16/10/2022
346,1028350421,Nam Cheong Mansion,16/10/2022
347,1028690633,On Sheung Building,16/10/2022
348,703349558,Fu Wa Mansion,16/10/2022
349,753291646,Florence Plaza,16/10/2022
350,450172301,Residence 228,16/10/2022
351,766430644,Po Cheong Building,16/10/2022
352,775717716,Sheung Fook Building,16/10/2022
353,207442733,Yee King Court,16/10/2022
354,825414645,Hang Shing Building,16/10/2022
355,770859745,Sun Ray Crest,16/10/2022
356,1028585184,Po Tai Building,16/10/2022
357,1028582201,King Yip Building,16/10/2022
358,703459473,Wing Kee Mansion,16/10/2022
359,188579038,Begonia Court,16/10/2022
360,770830214,Wah Hing Building,16/10/2022
361,1028434018,Happy Centre,16/10/2022
362,753291638,Green Court,16/10/2022
363,188579035,Pine Court,16/10/2022
364,494714011,Lung On Building,16/10/2022
365,695710789,Fu Wah Court,15/10/2022
366,758132180,The Ascent,15/10/2022
367,783574808,Chew Onn Building,15/10/2022
368,703349559,Tak Fu Building,15/10/2022
369,783317902,Tak Wong Building,15/10/2022
370,299215805,Peony Court,15/10/2022
371,705218342,Sun Po Building,15/10/2022
372,586076019,Sun Wing Building,15/10/2022
373,448850186,Wing Shun Building,15/10/2022
374,705218348,Hong Fook Building,14/10/2022
375,757775109,Hand Fair Court,14/10/2022
376,206061164,Kwai Cheung Building,14/10/2022
377,494506616,Graces Court,14/10/2022
378,827851777,Wai Bun Building,14/10/2022
379,122353202,Wah Tong House,14/10/2022
380,450190865,Kam Hoi Mansion,14/10/2022
381,1028661048,Cheong Lok Building,14/10/2022
382,770819288,Richmond Court,14/10/2022
383,1028661038,Nam Fong House,13/10/2022
384,450185041,Heya Delight,13/10/2022
385,592099619,Hang Cheong Building,13/10/2022
386,817872393,Wellcome Mansion,13/10/2022
387,1028367468,Shing Lam Building,13/10/2022
388,827588228,High Point,13/10/2022
389,781684619,Harbour Park,13/10/2022
390,494453292,Hoi Cheung Building,13/10/2022
391,775678488,Fuk Lung Building,13/10/2022
392,770846621,Tsui Wan Mansion,13/10/2022
393,775765312,Lan Fong Building,13/10/2022
394,753291623,Hoover Mansion,13/10/2022
395,722544959,Ka Shun Court,19/10/2022
396,696413696,Yuk Wo Court,19/10/2022
397,850113769,Mei Pak Court,19/10/2022
398,157655576,Regal Riverside Hotel,19/10/2022
399,390596838,Yuet On Building,18/10/2022
400,1023823067,Pak Tin,18/10/2022
401,41856916,Tai Shui Hang,17/10/2022
402,738820322,Rich Court,16/10/2022
403,738820327,Ka Po House,15/10/2022
404,497060868,Ngau Pei Sha Village,14/10/2022
405,136538134,Racecourse Gardens,13/10/2022
406,136842813,Chun Cheung Court,13/10/2022
407,228011331,On Tai Building,19/10/2022
408,515197506,On Fai Building,19/10/2022
409,700138434,Kam Fat Building,19/10/2022
410,209817116,Albany Court,19/10/2022
411,838145861,Command Tower,18/10/2022
412,178468777,Port Centre,18/10/2022
413,838145864,Billion Court,18/10/2022
414,183152363,Fairview Court,18/10/2022
415,674611346,Sunny Court,18/10/2022
416,454290461,Jumbo Court,18/10/2022
417,454438524,Coble Court,18/10/2022
418,346125655,Wayland House,17/10/2022
419,838104652,Tung Nam Building,16/10/2022
420,346126860,Tin Wan Court,16/10/2022
421,178740915,Yee Tiam Building,16/10/2022
422,100668257,Hung Fook Court,16/10/2022
423,838221239,Yee Hing Building,15/10/2022
424,178740919,Ever Secure Mansion,15/10/2022
425,492862992,Hing Fu Building,15/10/2022
426,191223062,World Fair Court,15/10/2022
427,464350748,Dor Fook Mansion,14/10/2022
428,501316920,Kin Fai Building,13/10/2022
429,692735346,Seaview Court,13/10/2022
430,302152664,Kar Ho Building,19/10/2022
431,447880827,Tai Po Tau,19/10/2022
432,659362684,Po Wah Building,19/10/2022
433,189534579,Tak Nga Court,19/10/2022
434,481617288,Fu Hing Building,18/10/2022
435,504647295,Kai Hing Building,17/10/2022
436,222614312,Tai Wo,17/10/2022
437,391317247,Tak Kay Building,17/10/2022
438,391314709,Moon House,17/10/2022
439,453529668,Po Shing Building,15/10/2022
440,738820314,Hong Lok Building,15/10/2022
441,100668230,Pak Cheung Court,14/10/2022
442,190470900,Man Wah Building,14/10/2022
443,504642003,Wing Cheung Building,14/10/2022
444,776900436,On Lok Building,13/10/2022
445,191736534,The Golden Gate,13/10/2022
446,203136653,Chen Hsin Mansion,19/10/2022
447,177654106,Cheuk Ming Mansion,18/10/2022
448,518967085,Hing Hing Building,18/10/2022
449,203586601,Peace House,17/10/2022
450,1028582200,Tai Yuen House,16/10/2022
451,838015806,Fortune Mansion,16/10/2022
452,179006264,H Cube,16/10/2022
453,191955143,Jade Plaza,16/10/2022
454,492669023,On Fung Building,15/10/2022
455,692727669,Kam Shing Building,15/10/2022
456,451596172,Tai Wah Building,13/10/2022
457,223404497,Tsuen Fung Centre,13/10/2022
458,746325672,Rich Building,19/10/2022
459,363024790,Tuen Mun Industrial Centre,19/10/2022
460,930916576,Parkview Court,19/10/2022
461,700138434,Kam Fat Building,19/10/2022
462,204665753,South Hillcrest,17/10/2022
463,219523404,Siu Pong Court,17/10/2022
464,219523390,Siu Lung Court,17/10/2022
465,228411068,Ho King Building,16/10/2022
466,559068473,Victory Building,13/10/2022
467,695608060,Orchid Court,13/10/2022
468,692802816,Kam Hing Building,13/10/2022
469,183152353,Fortune Villa,13/10/2022
470,612227637,Silvervale Mansion,19/10/2022
471,493718965,Siu Fung Building,19/10/2022
472,729788942,Royal Villa,19/10/2022
473,743072601,Luckifast Building,19/10/2022
474,295779356,Lee Cheong Building,19/10/2022
475,737529118,Evone Court,19/10/2022
476,729970831,Aroma House,19/10/2022
477,493760490,On Hing Mansion,19/10/2022
478,487952676,Tung Shing Building,19/10/2022
479,200014105,Hoi Tao Building,19/10/2022
480,540388746,Royal Court,19/10/2022
481,737017568,Tsui Man Court,19/10/2022
482,258421156,Morrison Building,19/10/2022
483,540389804,Amber Lodge,19/10/2022
484,735371839,Gold Ning Mansion,19/10/2022
485,266353603,Kiu Hing Mansion,18/10/2022
486,356689229,Brilliant Court,18/10/2022
487,728984501,Pioneer Court,18/10/2022
488,742070251,Wing On Mansion,18/10/2022
489,738386716,Happy Mansion,18/10/2022
490,231052160,Wing Hing Building,18/10/2022
491,494442418,Wun Sha Tower,18/10/2022
492,171224594,Hyde Park Mansion,18/10/2022
493,345412521,Lei Wen Court,18/10/2022
494,356689232,Elegant Court,18/10/2022
495,188579032,Lily Court,18/10/2022
496,672504416,Star Studios II,17/10/2022
497,777261137,Kanfield Mansion,17/10/2022
498,679451191,Fully Building,17/10/2022
499,463052917,Haven Court,17/10/2022
500,736573913,Happy Court,17/10/2022
501,738386715,Splendour Court,17/10/2022
502,171882796,Chesterfield Mansion,17/10/2022
503,493754498,Shu Tak Building,17/10/2022
504,540388752,Monticello,17/10/2022
505,736809516,Formwell Garden,17/10/2022
506,729772394,Champion Court,17/10/2022
507,694535655,Arts Mansion,17/10/2022
508,166596279,Le Cachet,16/10/2022
509,737175264,Po Wah Court,16/10/2022
510,494213633,Horace Court,16/10/2022
511,694520727,Yue King Building,16/10/2022
512,510829920,Man Hee Mansion,16/10/2022
513,738082954,Unique Tower,16/10/2022
514,734877093,Silverstone Mansion,16/10/2022
515,225777479,Lucky House,16/10/2022
516,227077703,Broadville,16/10/2022
517,737017571,Yuk Sing Building,16/10/2022
518,680503072,Winner Building,16/10/2022
519,736573913,Happy Court,16/10/2022
520,171224598,Prospect Mansion,16/10/2022
521,429432513,Jolly Villa,16/10/2022
522,1020747908,Hawthorn Garden,16/10/2022
523,742073270,Grand View Mansion,16/10/2022
524,694051632,King's Court,16/10/2022
525,200014106,Kam Tao Building,16/10/2022
526,200014107,Ngan Tao Building,16/10/2022
527,82091085,Lockhart House,16/10/2022
528,515278914,Hung Yip Building,16/10/2022
529,510829919,Rialto Building,16/10/2022
530,734097986,Lee Wing Building,15/10/2022
531,669368201,Tak Wah Mansion,15/10/2022
532,673902563,Hang Tak Building,15/10/2022
533,540388745,Starlight Garden,15/10/2022
534,198994687,Hoi Deen Court,15/10/2022
535,692832322,Lei Ha Court,15/10/2022
536,171224586,Causeway Bay Mansion,15/10/2022
537,266353309,Shing Loong Court,14/10/2022
538,171882797,Clarke Mansion,14/10/2022
539,759892848,Oi Kwan Court,14/10/2022
540,683468943,Cheong Ip Building,14/10/2022
541,493758767,Ming Yan Mansion,14/10/2022
542,659362713,Tung Hing Building,14/10/2022
543,738082948,Fortuna Court,14/10/2022
544,171882803,Marco Polo Mansion,14/10/2022
545,181966915,Mei Wah Building,14/10/2022
546,738386718,Blue Pool Mansion,14/10/2022
547,437142690,Cheong Chun Building,14/10/2022
548,781684617,Beverly Court,13/10/2022
549,743184340,Kelly House,13/10/2022
550,121265512,Kin On House,13/10/2022
551,760033372,Sun Tao Building,13/10/2022
552,171224599,Riviera Mansion,13/10/2022
553,171224590,Haywood Mansion,13/10/2022
554,738384855,Palm Court,13/10/2022
555,746979918,Golden Court,13/10/2022
556,737017569,Le Village,13/10/2022
557,735371834,Gold King Mansion,13/10/2022
558,228411069,On Lee Building,19/10/2022
559,302152813,Po Fat Building,19/10/2022
560,110114477,Choi Fung Court,19/10/2022
561,493121460,San Po Kong Mansion,19/10/2022
562,533335772,King Tai Court,19/10/2022
563,109743689,King Hin Court,19/10/2022
564,429420018,Yan Oi Building,18/10/2022
565,669954510,Ying Fuk Court,18/10/2022
566,507890700,Kam On Building,17/10/2022
567,109681439,Kwong Fat Building,16/10/2022
568,1069920313,Chee Lok Building,16/10/2022
569,1069920304,Winfair Building,16/10/2022
570,1069923446,Manning Theatre Building,16/10/2022
571,108926999,Pang Ching Court,16/10/2022
572,823295806,Che Cheung Building,15/10/2022
573,1069920318,Che Wah Building,15/10/2022
574,459017739,Kam Kwok Building,15/10/2022
575,746151944,Hang On Building,14/10/2022
576,698180326,Yin Hing Building,14/10/2022
577,882787788,Fung Chuen Court,14/10/2022
578,450604817,Chung Wo Building,19/10/2022
579,451599248,Chung Kin Building,19/10/2022
580,451596171,Chung Sing Building,19/10/2022
581,450605390,Chung Hing Building,19/10/2022
582,102368457,Shining Heights,19/10/2022
583,694539974,Yen Chun Mansion,19/10/2022
584,692719642,Lee Loy Mansion,19/10/2022
585,695608074,Lauren Court,19/10/2022
586,692957174,South Sea Apartments,19/10/2022
587,694535660,Camy House,19/10/2022
588,746293639,Tai Chi Building,19/10/2022
589,488375709,Pacific Building,19/10/2022
590,692796099,Flordia Mansion,19/10/2022
591,235253971,Po Lun House,19/10/2022
592,694034245,Kung Sheung Mansions,19/10/2022
593,37517585,Royal Plaza Hotel,19/10/2022
594,694051613,Kwong Hing Building,19/10/2022
595,694029107,Tak Lee Building,19/10/2022
596,694205512,Tak Cheong Building,19/10/2022
597,694775347,Tak Cheong Court,19/10/2022
598,457395712,Man Cheong Building,19/10/2022
599,178740246,Man King Building,19/10/2022
600,457395708,Man Yiu Building,19/10/2022
601,457395707,Man Yuen Building,19/10/2022
602,457395710,Man Ying Building,19/10/2022
603,30658239,Metropark Hotel Mongkok,19/10/2022
604,692964647,Lok Fun Mansion,19/10/2022
605,737017571,Yuk Sing Building,19/10/2022
606,746156513,Circle Garden,19/10/2022
607,515195973,Wing Tai Building,19/10/2022
608,454484236,Winfield Building,19/10/2022
609,197982275,Wing Wah Building,19/10/2022
610,564015863,Tai Fung House,19/10/2022
611,695841944,Cheung Hing Building,19/10/2022
612,692733061,Fook Yuen Mansion,19/10/2022
613,485604641,Jade Court,19/10/2022
614,540717099,Luen Tak Building,19/10/2022
615,746293660,Nan Yuen Building,19/10/2022
616,692937814,Kency Tower,19/10/2022
617,694539982,Man Wing Building,19/10/2022
618,488375714,Kimberley Mansion,19/10/2022
619,316843233,King Wang Heights,19/10/2022
620,241998990,Kam Chung Building,19/10/2022
621,746151965,Jean House,19/10/2022
622,254652838,Holiday Inn Golden Mile,19/10/2022
623,695849358,Stanford Hotel,18/10/2022
624,694056699,Wai Ching Mansion,18/10/2022
625,780797913,Tsin Shui Mansion,18/10/2022
626,746835814,Yau Shing Building,18/10/2022
627,692972859,Ka Wing Building,18/10/2022
628,695841961,The Cityview,18/10/2022
629,501116266,Po Fung Building,18/10/2022
630,746293618,Kin Wong House,18/10/2022
631,746293562,Hing Lin Building,18/10/2022
632,190470900,Man Wah Building,18/10/2022
633,457395711,Man Fai Building,18/10/2022
634,980143742,Mascot House,18/10/2022
635,695608084,Tung On Court,18/10/2022
636,448850186,Wing Shun Building,18/10/2022
637,693480855,Hai Phong Mansion,18/10/2022
638,694051632,King's Court,18/10/2022
639,228013067,Hing Wong Mansion,18/10/2022
640,488375717,Companion Court,18/10/2022
641,746198226,Ying Loy Mansion,18/10/2022
642,746293581,Lai Chi Mansion,18/10/2022
643,694056700,Wah Wai Mansion,18/10/2022
644,589474811,Kam Tong Building,18/10/2022
645,457398855,B.P. International,18/10/2022
646,450601350,Chung Mei Building,17/10/2022
647,746152016,Kenwood Mansion,17/10/2022
648,692964652,Stanford Hillview Hotel,17/10/2022
649,695023060,Jolly Garden,17/10/2022
650,746151963,Tung Fat House,17/10/2022
651,488375716,Carnival Mansion,17/10/2022
652,692937812,Dolford Mansion,17/10/2022
653,121265571,Tai On House,17/10/2022
654,746293625,Tai Wah House,17/10/2022
655,694722912,Tak Yue Mansion,17/10/2022
656,694775344,Tak Hay Building,17/10/2022
657,589993223,Man Tak Building,17/10/2022
658,457395709,Man Wai Building,17/10/2022
659,694520751,Tung Po Court,17/10/2022
660,494459443,Cosmopolitan Centre,17/10/2022
661,571014898,Tung Fat Building,17/10/2022
662,494297967,Wing Kwong Building,17/10/2022
663,692719636,Wai Hang Building,17/10/2022
664,693050555,Park Hotel,17/10/2022
665,184765711,Bridal Tea House Hotel,17/10/2022
666,693480856,Tsim Sha Tsui Mansion,17/10/2022
667,316843231,King Tong Heights,17/10/2022
668,691449751,Comfort Court,17/10/2022
669,451599247,Chung Yew Building,16/10/2022
670,694056703,Wai Yip Building,16/10/2022
671,692937803,Kiu Fung Mansion,16/10/2022
672,710583147,Bijou Court,16/10/2022
673,738820327,Ka Po House,16/10/2022
674,746152034,Fulland Court,16/10/2022
675,695610687,Po Hang Building,16/10/2022
676,692796098,Quality Tower,16/10/2022
677,388822125,Bute Wah Mansion,16/10/2022
678,442607006,Hang Wan House,16/10/2022
679,457625714,Wing Fai Building,16/10/2022
680,715087994,Tai On Court,16/10/2022
681,695608062,Season Mansion,16/10/2022
682,265235844,Yuen Fat Building,16/10/2022
683,233032254,Boundary Building,16/10/2022
684,692796108,Cheung King Mansion,16/10/2022
685,692810731,National Court,16/10/2022
686,693050542,Wah Fai Mansion,16/10/2022
687,693050540,Lising Court,16/10/2022
688,488375679,Golden House,16/10/2022
689,391317235,Kam Fai Building,16/10/2022
690,225777479,Lucky House,16/10/2022
691,738820330,Lai Ming Building,16/10/2022
692,451716269,Mayfair Mansion,16/10/2022
693,453008554,Wai Fat Building,15/10/2022
694,228011332,On Hong Building,15/10/2022
695,494513748,Richview Mansion,15/10/2022
696,695857077,Fu Wah Building,15/10/2022
697,692810666,Pollock Building,15/10/2022
698,694775350,Hang Yue Court,15/10/2022
699,451881301,Hang Tung Building,15/10/2022
700,692733070,The Tun Shing Mansion,15/10/2022
701,746369196,Cheong Moon Building,15/10/2022
702,492807121,Winner Mansion,15/10/2022
703,692798457,Windsor Mansion,15/10/2022
704,507935421,Fuk Hing Building,15/10/2022
705,355117458,Fa Yuen Mansion,15/10/2022
706,695841962,Mongkok Building,15/10/2022
707,695857050,Wah Sun Building,15/10/2022
708,488375680,Grandview Mansion,15/10/2022
709,692964658,Holly Mansion,15/10/2022
710,184765714,Harbour Plaza Metropolis,15/10/2022
711,746325661,Kam Lai Court,15/10/2022
712,356689229,Brilliant Court,15/10/2022
713,493956662,Siu Hing Building,15/10/2022
714,694337100,"Eaton, Hong Kong",15/10/2022
715,692806449,Highview,15/10/2022
716,692964684,The Empire Hotel Kowloon,14/10/2022
717,692719637,Garden Building,14/10/2022
718,746198195,Lee Luen Mansion,14/10/2022
719,695030769,Hamilton Building,14/10/2022
720,746325642,Tong Mei House,14/10/2022
721,403223209,Harilela Mansion,14/10/2022
722,692810719,Ka Shun House,14/10/2022
723,692798462,Observatory Mansion,14/10/2022
724,302152813,Po Fat Building,14/10/2022
725,659362684,Po Wah Building,14/10/2022
726,254652609,Imperial Hotel,14/10/2022
727,694539983,Nathan Road Court,14/10/2022
728,777658330,Chee On Building,14/10/2022
729,695608084,Tung On Court,14/10/2022
730,746293672,Yiu Ming Building,14/10/2022
731,757606068,Tat Ming Building,14/10/2022
732,694535655,Arts Mansion,14/10/2022
733,694051626,Kay Pont Building,14/10/2022
734,451599249,Chung Yuen Building,13/10/2022
735,694337060,Kim Tak Building,13/10/2022
736,692733054,Heep Cheung Building,13/10/2022
737,694337081,Excelsior Building,13/10/2022
738,451715266,Park Ivy,13/10/2022
739,302152815,Po On Building,13/10/2022
740,692605010,Po Lok Mansion,13/10/2022
741,692605016,Parkes Mansion,13/10/2022
742,694667603,Tougha Mansion,13/10/2022
743,694205513,Dickson Building,13/10/2022
744,692810727,Prudential Centre,13/10/2022
745,777658281,Sun Hon House,13/10/2022
746,659362713,Tung Hing Building,13/10/2022
747,451724916,Bedford 28,13/10/2022
748,746325641,Winki House,13/10/2022
749,316843189,Greenfield Garden,13/10/2022
750,694502362,Chak Fung House,13/10/2022
751,746152029,Jenny's Court,13/10/2022
752,783681420,Pak Cheung Building,13/10/2022
753,777658355,Fuk Ming Building,13/10/2022
754,494702551,Folkland Mansion,13/10/2022
755,692957168,Creative Mansion,13/10/2022
756,921606533,Man Lee Building,13/10/2022
757,201152957,Tin Lai Court,19/10/2022
758,228413392,Ho Shun Fuk Building,19/10/2022
759,699186181,Wang Fung Building,19/10/2022
760,189408608,Fu King Building,19/10/2022
761,559069564,Kin On Building,19/10/2022
762,501316920,Kin Fai Building,19/10/2022
763,228011330,Yee Hong Building,19/10/2022
764,453015450,Cheong Wai Building,19/10/2022
765,231329528,Tung Fai Court,19/10/2022
766,231052160,Wing Hing Building,19/10/2022
767,231052160,Wing Hing Building,19/10/2022
768,496314769,Kam Long Building,19/10/2022
769,178468782,Kam Fung Building,19/10/2022
770,441737524,Fortune Centre,19/10/2022
771,515862198,Kan Yip Building,18/10/2022
772,302152666,Kar Shing Building,18/10/2022
773,448227041,Tak Cheung Building,18/10/2022
774,302152525,Hang Fat Mansion,18/10/2022
775,496319199,Yick Lee Mansion,18/10/2022
776,207402927,Kui Fat Building,18/10/2022
777,207402920,Full Yau Court,16/10/2022
778,674009627,Po Yick Building,16/10/2022
779,440954537,Hang Fu Building,16/10/2022
780,228136642,Wing Fat House,16/10/2022
781,737017571,Yuk Sing Building,16/10/2022
782,515193765,Kingston Court,15/10/2022
783,496314132,Hoi Shuen Building,15/10/2022
784,231052157,Lee Kwan Building,15/10/2022
785,411044772,Wang Fu Court,15/10/2022
786,232602469,Lin Fat Building,15/10/2022
787,566500515,Man Yu Building,15/10/2022
788,197982282,Lok Fu Building,15/10/2022
789,496315281,Mau Tan Mansion,15/10/2022
790,207402930,Opulence Height,15/10/2022
791,584193808,Shun Fat House,15/10/2022
792,442442901,Shun Fung Building,15/10/2022
793,302152815,Po On Building,14/10/2022
794,453008554,Wai Fat Building,14/10/2022
795,507897770,Ho Choi Building,14/10/2022
796,222761434,On Ning Building,14/10/2022
797,481617288,Fu Hing Building,14/10/2022
798,302152489,Chit Wing Building,14/10/2022
799,691060091,Hing Fat House,14/10/2022
800,302152528,Hing Fat Building,14/10/2022
801,231329529,Winland Building,14/10/2022
802,507933039,King Wah Court,13/10/2022
803,502107906,Tai Hang Building,13/10/2022
804,453529668,Po Shing Building,13/10/2022
805,564031154,Orion Court,13/10/2022
806,232602471,Wing Fu Mansion,13/10/2022
807,207402929,Mariana Building,13/10/2022
808,232602476,Yuk Lung Mansion,13/10/2022
809,302152795,Pak Yee Building,13/10/2022
810,507901841,Wah Cheung Mansion,13/10/2022
