,osm_id,building_name,date,lat,lng
0,182467493,Graceful Court,19/10/2022,114.135613,22.2856395
1,1023116431,Nam Pak Hong Building,19/10/2022,114.1484871,22.2864784
2,183152353,Fortune Villa,19/10/2022,114.1359867,22.2844537
3,695857077,Fu Wah Building,19/10/2022,114.1737644,22.3170086
4,692605003,Lucky Building,19/10/2022,114.1706069,22.3033766
5,205754738,Yee Fung Court,19/10/2022,114.1457856,22.2445874
6,168456119,Fairview Mansion,19/10/2022,114.1848009,22.281477
7,1022525175,Universal Building,19/10/2022,114.1468709,22.2859766
8,448900879,Merry Court,19/10/2022,114.1710995,22.3700012
9,155738218,Luen Hing Apartments,19/10/2022,114.1278602,22.2816224
10,406591144,Hing Lee Building,19/10/2022,114.1835208,22.3073101
11,743371808,Talon Tower,19/10/2022,114.1486716,22.2878212
12,174743082,Kam Shing House,19/10/2022,114.2208591,22.4082651
13,589474811,Kam Tong Building,19/10/2022,114.0298924,22.4416243
14,367544823,Long Mansion,19/10/2022,114.1536707,22.2800905
15,770819288,Richmond Court,19/10/2022,114.1613558,22.335197
16,202156008,Cadogan,18/10/2022,114.1262667,22.2822121
17,770830209,Tai Hing Building,18/10/2022,114.1609982,22.3341844
18,1023133807,Winsing Building,18/10/2022,114.14677,22.2876008
19,504642003,Wing Cheung Building,18/10/2022,114.1650466,22.4483388
20,256468175,The Hudson,18/10/2022,114.1272706,22.2817816
21,457375902,Cheung Fai Building,18/10/2022,114.1546315,22.3406246
22,540593467,Fook Sing Court,18/10/2022,114.1486077,22.2860689
23,951843092,Island Crest,18/10/2022,114.1424695,22.2862522
24,155738217,Luen Gay Apartments,18/10/2022,114.1274233,22.2818578
25,155738220,Luen On Apartments,18/10/2022,114.1273474,22.2815381
26,763914525,One ArtLane,18/10/2022,114.14106,22.2876387
27,969277824,Evora Building,18/10/2022,114.1500655,22.2848114
28,707823919,Serene Court,18/10/2022,114.1429571,22.2825723
29,494460856,Intelligent Court,17/10/2022,114.190741,22.2783876
30,182208638,Swire Building,17/10/2022,114.1395951,22.2836007
31,197982556,On Wing Building,17/10/2022,114.1885243,22.3067064
32,289375779,Skyline Mansion,17/10/2022,114.0115818,22.3048177
33,738820322,Rich Court,17/10/2022,114.1779048,22.3755957
34,566505865,Hang Fai Building,17/10/2022,114.0300861,22.445552
35,356689229,Brilliant Court,17/10/2022,114.140032,22.4922755
36,832192986,To Li Garden,17/10/2022,114.1320661,22.2828038
37,406206188,Ko Shing Building,17/10/2022,114.2732441,22.3816885
38,539895745,Seymour Place,16/10/2022,114.1505854,22.2806313
39,539955761,Borrett Mansions,16/10/2022,114.1616069,22.273977
40,463043761,Elegance Court,16/10/2022,114.0144616,22.2945064
41,178740246,Man King Building,16/10/2022,114.1478338,22.2498999
42,540115811,Princeton Tower,16/10/2022,114.1459278,22.287459
43,182467494,Sang Cheong Building,16/10/2022,114.1355326,22.2862128
44,463041705,Woodland Court,16/10/2022,114.0121736,22.2953706
45,485604641,Jade Court,16/10/2022,114.1226191,22.3696314
46,957103739,Pokfield Garden,16/10/2022,114.1294551,22.2807803
47,902702409,Golden Lodge,16/10/2022,114.1462015,22.2838973
48,495258918,Kam Fung Mansion,16/10/2022,114.1409588,22.284982
49,507822296,Shun Hing Building,16/10/2022,114.0294255,22.4459482
50,692727670,Yu Hing Mansion,16/10/2022,114.1704132,22.3051509
51,969259838,Welland Building,15/10/2022,114.149267,22.2859075
52,492669836,Cartwright Gardens,15/10/2022,114.1466403,22.2837784
53,492669023,On Fung Building,15/10/2022,114.15,22.2827403
54,457923829,Fortuna Building,15/10/2022,114.1998599,22.2897963
55,183152346,Bowie Court,15/10/2022,114.136506,22.2839106
56,1023120840,Winsome House,15/10/2022,114.1491999,22.2870941
57,155738222,Luen Wai Apartments,15/10/2022,114.1272269,22.2822429
58,666639992,Cordial Mansion,14/10/2022,114.1544065,22.2800554
59,630387481,The Nova,14/10/2022,114.1412922,22.2855378
60,707823919,Serene Court,14/10/2022,114.1429571,22.2825723
61,540326052,Hollywood Centre,14/10/2022,114.1470354,22.2864949
62,182467447,Kam Ling Court,14/10/2022,114.1359175,22.2864073
63,695608056,Shun On Building,14/10/2022,114.1680093,22.3138767
64,153521328,Manhattan Heights,14/10/2022,114.200001,22.3860479
65,571014898,Tung Fat Building,13/10/2022,114.0226482,22.446271
66,540389809,Welley Building,13/10/2022,114.154153,22.283574
67,757325699,On Fat Building,13/10/2022,114.1570836,22.3391926
68,183152357,Kai Fung Building,13/10/2022,114.1364942,22.2841986
69,832192985,Chin Hom Court,13/10/2022,114.1315425,22.2833987
70,100432547,Hang Sing Mansion,13/10/2022,114.2198343,22.2869494
71,492807125,Wah Po Building,13/10/2022,114.2259913,22.2786769
72,583938530,North Point Terrace,19/10/2022,114.1965283,22.288958
73,670646621,Tai On Building,19/10/2022,114.2237176,22.3153421
74,296724566,Tai Chow House,19/10/2022,114.212882,22.2830776
75,296724574,Tai Ming House,19/10/2022,114.2144579,22.2836621
76,734097989,Wealthy Court,19/10/2022,114.1864433,22.3130331
77,694667611,Jade Mansion,19/10/2022,114.1710202,22.3129143
78,101959238,Fortress Metro Tower,19/10/2022,114.1936118,22.288011
79,694029107,Tak Lee Building,19/10/2022,114.1688738,22.3066233
80,694530933,Hang Ying House,19/10/2022,114.169876,22.3117884
81,406611001,Wai Lee Building,19/10/2022,114.1844387,22.3085323
82,100228389,Sun Sing Centre,19/10/2022,114.2244699,22.2793668
83,100687598,Metropole Building,19/10/2022,114.199166,22.2902095
84,669960909,Tung Lam Court,19/10/2022,114.2204292,22.2801508
85,296724524,Oceanic Mansion,19/10/2022,114.2120769,22.2843613
86,296725043,Yick Cheong Building,19/10/2022,114.2122455,22.2842853
87,296724610,Yick Fat Building,19/10/2022,114.212522,22.2845785
88,296724410,Fook Cheong Building,19/10/2022,114.2122455,22.2842853
89,779325125,Kam Ping Mansion,19/10/2022,114.2006524,22.2892037
90,112907771,Arden Court,19/10/2022,114.1961794,22.2871458
91,820386838,Kar On House,18/10/2022,114.1961644,22.2895071
92,451500259,Tai Chung Building,18/10/2022,114.1608989,22.3211808
93,770830209,Tai Hing Building,18/10/2022,114.1609982,22.3341844
94,171513912,Tai Hong House,18/10/2022,114.2218674,22.2836
95,296724578,Tai Sing House,18/10/2022,114.2127408,22.2830803
96,296724573,Tai Lung House,18/10/2022,114.2128928,22.2826025
97,296724806,Fu Yan Court,18/10/2022,114.2244104,22.279843
98,759412058,Fulham Court,18/10/2022,114.160101,22.3356318
99,100521556,Ling Pak Mansion,18/10/2022,114.2131014,22.2835949
100,659362684,Po Wah Building,18/10/2022,114.2288903,22.2777859
101,696146755,Tung Tai House,18/10/2022,114.1004686,22.3633782
102,659362711,The Eastborne,18/10/2022,114.2305987,22.2804413
103,659362713,Tung Hing Building,18/10/2022,114.230012,22.2799302
104,271666633,Harmony Place,18/10/2022,114.2272336,22.2778915
105,296724782,Hoi Ching Mansion,18/10/2022,114.2231798,22.2798756
106,820386834,Wah Hong Mansion,18/10/2022,114.1962081,22.2893221
107,492807123,Fung Yuen Building,18/10/2022,114.2274593,22.2772199
108,776900437,Kim Fat Mansion,18/10/2022,114.2309012,22.281778
109,776928427,Hung Lee Building,18/10/2022,114.2266773,22.2775406
110,700059215,Grand Villa,17/10/2022,114.1858217,22.3120732
111,44823199,Tai Foo House,17/10/2022,114.2212969,22.2835243
112,296724519,Montane Mansion,17/10/2022,114.2120769,22.2843613
113,691447820,Goldfield Mansion,17/10/2022,114.1885568,22.3302846
114,457923830,Hung Fook Building,17/10/2022,114.1995745,22.2897371
115,493711484,Princess Mansion,16/10/2022,114.1935547,22.2888146
116,838104638,Lee Fat Mansion,16/10/2022,114.1549765,22.2440501
117,692972859,Ka Wing Building,16/10/2022,114.1739249,22.3000568
118,776930255,Ka Yue Building,16/10/2022,114.2278826,22.2776393
119,100009681,On Ming Mansion,16/10/2022,114.223279,22.2832488
120,100009684,On Tsui Mansion,16/10/2022,114.2233524,22.2833922
121,501116266,Po Fung Building,16/10/2022,114.0274193,22.4459696
122,427345299,One Prestige,16/10/2022,114.1961615,22.2914064
123,190470900,Man Wah Building,16/10/2022,114.1687226,22.447987
124,457926082,Yuet Ming Building,16/10/2022,114.1927261,22.2875929
125,100103872,Tung Shing Court,16/10/2022,114.2261432,22.2764013
126,296724955,East Residences,16/10/2022,114.2115173,22.2875359
127,101211368,Bayview Park,16/10/2022,114.2343881,22.2658347
128,746293672,Yiu Ming Building,16/10/2022,114.165722,22.3251859
129,820386821,Wah Hai Mansion,16/10/2022,114.1963698,22.2893543
130,694667605,Kam Wa Building,16/10/2022,114.1709912,22.3121417
131,206062297,Southern Building,15/10/2022,114.1284376,22.3600038
132,296724571,Tai Kut House,15/10/2022,114.2142387,22.284199
133,775198740,Vicky Court,15/10/2022,114.1941861,22.2864975
134,775198738,Suncliffe Place,15/10/2022,114.1944821,22.2862988
135,777087865,Hong Wah Mansion,15/10/2022,114.2256917,22.2781885
136,493758766,Tung Sing Building,15/10/2022,114.170699,22.275757
137,296724549,Sai Wan Ho Building,15/10/2022,114.2235943,22.2803843
138,675124168,Victor Court,14/10/2022,114.1917658,22.2882179
139,679681280,Cannon Garden,14/10/2022,114.1935457,22.2866347
140,776930262,Aldrich House,14/10/2022,114.2277768,22.2772833
141,779325107,Villa Claire,14/10/2022,114.1987784,22.2896604
142,715087993,Tung Keung Building,14/10/2022,114.2298294,22.2796425
143,175870534,Tung Wong House,14/10/2022,114.1716592,22.3301018
144,563505630,Wing Fat Building,14/10/2022,114.0314991,22.4455822
145,205694157,United Building,14/10/2022,114.1859167,22.3058772
146,494292956,Ching Fai Terrace,14/10/2022,114.1969424,22.2887655
147,494292953,Wah Kin Mansion,14/10/2022,114.1966384,22.2896015
148,492672576,Metro Mansion,14/10/2022,114.226066,22.2793337
149,738820314,Hong Lok Building,13/10/2022,114.1786962,22.3742329
150,458497221,King Fai Building,13/10/2022,114.229706,22.278741
151,457923831,Pak Fook Building,13/10/2022,114.1992937,22.2896773
152,707823919,Serene Court,13/10/2022,114.1429571,22.2825723
153,258413482,Wah Tai Mansion,13/10/2022,114.2358275,22.2632341
154,669181657,Silver Centre Building,15/10/2022,114.0007252,22.264958
155,322427555,Peng Kwai Villa,14/10/2022,114.0418326,22.2827475
156,692605003,Lucky Building,19/10/2022,114.1706069,22.3033766
157,784781716,Chung Nam Mansion,19/10/2022,114.1934512,22.2886999
158,151396617,Harbour Grand Kowloon,19/10/2022,114.1923102,22.3024027
159,699068843,Axis,19/10/2022,114.1872143,22.3130647
160,699848152,Kiu Shing Building,19/10/2022,114.188908,22.3199777
161,699045879,Kiu Yu Mansion,19/10/2022,114.1896563,22.3156802
162,674611347,Siu Fung Court,19/10/2022,114.1887175,22.3229032
163,209817134,Cambridge Court,19/10/2022,114.1491529,22.2430992
164,692427043,Triumph Terrace,19/10/2022,114.1743873,22.3196013
165,692427033,Peace Mansion,19/10/2022,114.1738256,22.3193023
166,428687495,Honour Building,19/10/2022,114.1895456,22.3166405
167,406591131,Po Sun Mansion,19/10/2022,114.1853502,22.3073299
168,205695072,Lux Theatre Building,19/10/2022,114.1859672,22.3065941
169,934531904,Sheung Shing Court,19/10/2022,114.1839377,22.3201629
170,692421682,Nin Fung Building,19/10/2022,114.1745411,22.3176746
171,691469180,Sun Hong House,19/10/2022,114.1881447,22.3296005
172,439370540,Tung Po Building,19/10/2022,114.1895341,22.3226346
173,691447786,Zebrano,19/10/2022,114.1884147,22.3294025
174,189017586,Wing Wo Building,19/10/2022,114.1678156,22.4469291
175,485604611,Fortune Court,19/10/2022,114.1222822,22.3699414
176,691429769,Fook Chi Building,19/10/2022,114.1896503,22.3302111
177,509013063,Man Kee Mansion,19/10/2022,114.1765835,22.3198289
178,100444470,Marigold Mansion,19/10/2022,114.2185587,22.2877888
179,683966641,Wei King Building,19/10/2022,114.1839097,22.3094493
180,406591127,Wuhu Residence,19/10/2022,114.1856444,22.3073444
181,109748439,Kam Wah House,19/10/2022,114.2066063,22.3348835
182,698983654,Lung Teck Mansion,19/10/2022,114.189263,22.3146417
183,197733647,Kwun Hei Court,18/10/2022,114.183195,22.3142005
184,691049940,Oxford Heights,18/10/2022,114.1876348,22.3280332
185,691010393,Rockford Mansion,18/10/2022,114.1824397,22.3431966
186,446478586,Sung Shun Building,18/10/2022,114.1888165,22.3119067
187,691449751,Comfort Court,18/10/2022,114.1878312,22.3303826
188,699203003,Yee Fu Building,18/10/2022,114.1833798,22.3097796
189,509602167,La Lumiere,18/10/2022,114.1865602,22.3095507
190,692421673,Sunland Court,18/10/2022,114.1746097,22.3188288
191,439362262,Cheong Shing Court,18/10/2022,114.1870499,22.3127183
192,439371920,Tung Hoi Building,18/10/2022,114.1892804,22.3228028
193,567239501,Wing Fung Building,18/10/2022,114.0308609,22.4425176
194,692964656,Wing Lee Building,18/10/2022,114.1733168,22.3010069
195,406591150,Wing Tak Mansion,18/10/2022,114.1832243,22.307182
196,694534404,Kings Hotel,18/10/2022,114.1705459,22.310343
197,691449738,Fuk Luen Building,18/10/2022,114.1877122,22.3297086
198,1028643853,Fook Wan Mansion,18/10/2022,114.1646496,22.3296335
199,174743082,Kam Shing House,18/10/2022,114.2208591,22.4082651
200,457633792,Shun King Building,18/10/2022,114.2252551,22.3163849
201,184430871,Kerry Hotel Hong Kong,18/10/2022,114.188655,22.3018732
202,463042753,Crystal Court,18/10/2022,114.012695,22.2947258
203,406591128,Berkeley Building,17/10/2022,114.1857757,22.3070672
204,509613015,Star Ruby,17/10/2022,114.1869913,22.3116381
205,700059206,Shung Fu Building,17/10/2022,114.1856331,22.3118198
206,700059216,Hing Cheung Building,17/10/2022,114.1859988,22.312356
207,439362258,Chat Ma Mansion,17/10/2022,114.1871313,22.3132847
208,589474811,Kam Tong Building,17/10/2022,114.0298924,22.4416243
209,125578427,Kam Wah Building,17/10/2022,114.2716418,22.3821996
210,691469181,Loong Pont House,17/10/2022,114.1881514,22.3296987
211,699848153,Chung Hwa Building,16/10/2022,114.1884684,22.3201591
212,746979911,Hip Fai Building,16/10/2022,114.1864382,22.3074258
213,700020447,To Kwa Wan Mansion,16/10/2022,114.190359,22.31686
214,691131129,Shing Fai Building,16/10/2022,114.1910674,22.3298021
215,356689233,Forum Court,16/10/2022,114.1389856,22.4930741
216,446478588,Sung Kim Building,16/10/2022,114.1889401,22.3116396
217,699023689,Sung Lim Building,16/10/2022,114.1890796,22.3113768
218,446478298,Sung Yee Building,16/10/2022,114.1884445,22.3118815
219,100432556,Kin On Mansion,16/10/2022,114.2141108,22.2867702
220,588141654,Sun Yue Building,16/10/2022,114.0276227,22.4458131
221,734097991,Wing Lam Building,16/10/2022,114.1862284,22.3127797
222,494724179,Tam Kung Mansion,16/10/2022,114.1883137,22.3224889
223,934531906,Tip Top Mansion,16/10/2022,114.1844717,22.3199587
224,699045880,Kiu Fat Mansion,15/10/2022,114.1899425,22.3154564
225,559068473,Victory Building,15/10/2022,114.0306013,22.4462356
226,509606188,Carlton Court,15/10/2022,114.1874963,22.3097193
227,692421679,Peace Garden,15/10/2022,114.1745079,22.317957
228,734097984,Comfort House,15/10/2022,114.186641,22.3133322
229,446478587,Sung King Building,15/10/2022,114.1886947,22.311729
230,691429769,Fook Chi Building,15/10/2022,114.1896503,22.3302111
231,225777479,Lucky House,15/10/2022,114.1925873,22.3190044
232,746979897,Rammon Mansion,15/10/2022,114.1870197,22.3070678
233,691240572,Kam Fai Mansion,15/10/2022,114.1905661,22.3289645
234,691429758,Yau Lung Building,14/10/2022,114.1897942,22.3294244
235,406591132,Metro6,14/10/2022,114.1848584,22.3074723
236,699558954,On Lung Building,14/10/2022,114.1916132,22.3172194
237,746979919,Fu Yip Building,14/10/2022,114.1859135,22.3077543
238,457923829,Fortuna Building,14/10/2022,114.1998599,22.2897963
239,446478299,Sung Lai Building,14/10/2022,114.1884352,22.3115884
240,691429747,Billionnaire Avant,14/10/2022,114.1894049,22.3298041
241,378519978,Sunrise Villa,14/10/2022,114.0075801,22.3662252
242,691216455,High Place,14/10/2022,114.1924738,22.3302568
243,406591134,Gillies Mansion,14/10/2022,114.1841645,22.3072086
244,552256707,City Hub,14/10/2022,114.1879095,22.3157805
245,699817965,Merry Mansion,14/10/2022,114.1898874,22.3180588
246,692421676,Valiant Court,14/10/2022,114.1740427,22.3183128
247,692384169,Yen Yee Mansion,13/10/2022,114.1746617,22.3197992
248,692384177,Classic Mansion,13/10/2022,114.1749502,22.319361
249,691240609,South Wall Mansion,13/10/2022,114.1908019,22.3303385
250,699241645,Hill Main Mansion,13/10/2022,114.1887877,22.3170586
251,446478589,Sung Oi Building,13/10/2022,114.1886892,22.3115358
252,692421683,Tung Nam Mansion,13/10/2022,114.1747544,22.3178434
253,692421677,Champion House,13/10/2022,114.1740452,22.3181984
254,1044155404,Wing Kin Building,13/10/2022,114.1885359,22.3182363
255,406591144,Hing Lee Building,13/10/2022,114.1835208,22.3073101
256,691212448,Nga Tsin Wai Building,13/10/2022,114.1915835,22.3290877
257,744515601,Wai Yin Building,19/10/2022,114.1351498,22.3665383
258,817830627,Edition 178,19/10/2022,114.1283853,22.3600166
259,205980891,Ching Shing Court,19/10/2022,114.1024391,22.3494722
260,261873855,Rambler Oasis Hotel,19/10/2022,114.1099453,22.3420471
261,744514855,Kwai Wah Building,18/10/2022,114.1366053,22.3649873
262,713585200,Cheong Wang Mansion,17/10/2022,114.1666454,22.3197661
263,261874499,Rambler Garden Hotel,17/10/2022,114.1105508,22.3433024
264,233635971,Kwai Fung House,17/10/2022,114.1319851,22.3652875
265,389209517,Ming Yin Building,16/10/2022,114.1350214,22.3673186
266,694205512,Tak Cheong Building,16/10/2022,114.169019,22.3087223
267,390353346,Mai Kwai Mansion,16/10/2022,114.1322075,22.367715
268,389685889,Kwai Loong Building,16/10/2022,114.1375224,22.3656316
269,367460269,Silka Tsuen Wan Hotel,15/10/2022,114.1386159,22.3691081
270,206061174,Kwai Fook Building,14/10/2022,114.1266016,22.3596387
271,206061597,Kwai Fung Building,14/10/2022,114.1273418,22.3589565
272,206061166,Yuet Loong Building,13/10/2022,114.1264716,22.3595083
273,206061169,Cheong Hung Mansion,13/10/2022,114.1266659,22.359852
274,206058392,Yuet Bor Building,13/10/2022,114.1269683,22.3601289
275,206062301,Win Fong Heights,13/10/2022,114.1279531,22.3595444
276,205711887,Ching Nga Court,13/10/2022,114.1045272,22.3625789
277,228411068,Ho King Building,19/10/2022,114.0236542,22.4463596
278,252967179,Bo Fung Building,19/10/2022,114.2221977,22.314818
279,457625713,Yuet Yiu Building,19/10/2022,114.2251074,22.3157724
280,543681873,Hoi King Mansion,19/10/2022,114.2266299,22.3130087
281,299215771,Nina Hotel Kowloon East,18/10/2022,114.2187473,22.314297
282,700135109,Yee On Building,17/10/2022,114.1534372,22.243473
283,494443449,Hong Ning Building,17/10/2022,114.2237867,22.3150699
284,121512626,Hong Ying Court,17/10/2022,114.2382515,22.3080923
285,457633791,Yee Cheong Building,17/10/2022,114.2252551,22.3163849
286,747011639,Man Fuk Building,17/10/2022,114.1664848,22.3231813
287,137331480,Fu Shing House,17/10/2022,114.1885103,22.3723206
288,742102562,Hung Fat Building,17/10/2022,114.1738258,22.2733373
289,543132595,Fu On Building,16/10/2022,114.2156294,22.3173747
290,684535210,Wing Ming Building,16/10/2022,114.2155276,22.3184996
291,234158666,Hip Wo House,15/10/2022,114.1968031,22.3885195
292,112706366,Wai King Building,14/10/2022,114.2164179,22.3234755
293,684429009,Ting On Building,14/10/2022,114.2162741,22.3170776
294,312926456,Hiu Kwong Court,14/10/2022,114.2306795,22.3179165
295,448850195,Lok Cheong Building,14/10/2022,114.2238915,22.3153759
296,457582621,Wing Tai Mansion,14/10/2022,114.2277851,22.3134913
297,252967214,Lai Yue Building,14/10/2022,114.2218635,22.3146132
298,684429022,Lap Hing Building,13/10/2022,114.2167612,22.316808
299,255289131,On Shing Court,19/10/2022,114.1350636,22.5024334
300,766430630,Fu Ho Mansion,19/10/2022,114.1438669,22.4994139
301,372543673,Fortune House,18/10/2022,114.1362936,22.4920469
302,766430644,Po Cheong Building,17/10/2022,114.142472,22.4992412
303,450190725,Po Wing Building,17/10/2022,114.1576233,22.329637
304,370400332,Sun Ling Plaza,15/10/2022,114.1469329,22.4988531
305,231329524,Shing Fat Building,14/10/2022,114.0308494,22.4456318
306,373208737,Parkford Garden,13/10/2022,114.1353654,22.4923127
307,127286722,Hin Ming Court,19/10/2022,114.2686198,22.3157158
308,406911290,Siu Yat Building,15/10/2022,114.2733335,22.3810372
309,444076329,Ample Building,19/10/2022,114.1699191,22.3311995
310,1028434023,Pei Ho Building,19/10/2022,114.163494,22.3305298
311,757767636,Nam Lo Mansion,19/10/2022,114.157129,22.3374364
312,781684615,Parkone,19/10/2022,114.160375,22.3264591
313,494453293,Yau Luen Apartments,19/10/2022,114.1668047,22.3288448
314,521898332,Ka To Building,19/10/2022,114.1657316,22.3301274
315,790726088,Cheong Wah Building,19/10/2022,114.1433351,22.4991743
316,450184800,Wing Ning Building,19/10/2022,114.1563688,22.3390601
317,746340697,Win Fair Mansion,19/10/2022,114.1652066,22.3253769
318,1028367454,Fuk On Building,19/10/2022,114.1635354,22.3309656
319,450184470,Scenic Court,19/10/2022,114.1558834,22.339438
320,1028643854,Tse Wan Mansion,19/10/2022,114.1648217,22.3294983
321,450027708,TST Tower,19/10/2022,114.1559453,22.3383515
322,770851555,Hing Yip Apartments,19/10/2022,114.1621337,22.3340614
323,450180914,Greenrich Mansion,19/10/2022,114.1611014,22.3348601
324,450185059,Beacon Lodge,19/10/2022,114.1553713,22.3401403
325,256670614,Kam Yee House,19/10/2022,114.2351684,22.4209418
326,391317235,Kam Fai Building,19/10/2022,114.1641421,22.4493247
327,815631044,Cheung On Building,19/10/2022,114.1618052,22.3297844
328,450184894,The Sorentino,19/10/2022,114.1553239,22.3398701
329,770830218,Un On Building,18/10/2022,114.1606567,22.3347058
330,1089876447,Yau Loy Building,18/10/2022,114.1660205,22.3267613
331,742102531,Tai Tak Building,18/10/2022,114.1739546,22.2736122
332,515197506,On Fai Building,18/10/2022,114.0244781,22.4427717
333,709831880,Furama Building,18/10/2022,114.1630292,22.3331478
334,703349561,Kweilin Mansion,18/10/2022,114.1595838,22.3283671
335,684535210,Wing Ming Building,18/10/2022,114.2155276,22.3184996
336,781684616,Hai Tan Mansion,18/10/2022,114.1603936,22.3267317
337,450184469,Hing Wah Apartments,18/10/2022,114.1555404,22.3393194
338,753519779,Yiu Fai Mansion,18/10/2022,114.1529204,22.3403044
339,494288711,Man On Building,18/10/2022,114.1659867,22.3263187
340,775678468,South Ocean Building,17/10/2022,114.160473,22.3323316
341,753291625,The Amused,17/10/2022,114.1534786,22.339509
342,694530913,Fu Cheong Building,17/10/2022,114.1701082,22.3110542
343,507897768,Cheung Hong Building,17/10/2022,114.023457,22.4427956
344,450181044,Hing Lung Building,17/10/2022,114.1586649,22.3367461
345,694056703,Wai Yip Building,16/10/2022,114.167845,22.30773
346,1028350421,Nam Cheong Mansion,16/10/2022,114.1644311,22.3309838
347,1028690633,On Sheung Building,16/10/2022,114.1623386,22.32937
348,703349558,Fu Wa Mansion,16/10/2022,114.159178,22.3284272
349,753291646,Florence Plaza,16/10/2022,114.1542559,22.3399471
350,450172301,Residence 228,16/10/2022,114.1587215,22.3351958
351,766430644,Po Cheong Building,16/10/2022,114.142472,22.4992412
352,775717716,Sheung Fook Building,16/10/2022,114.1625603,22.3322203
353,207442733,Yee King Court,16/10/2022,114.1449365,22.2444801
354,825414645,Hang Shing Building,16/10/2022,114.1625968,22.3317282
355,770859745,Sun Ray Crest,16/10/2022,114.1618224,22.3330359
356,1028585184,Po Tai Building,16/10/2022,114.1646775,22.330313
357,1028582201,King Yip Building,16/10/2022,114.1650534,22.3305785
358,703459473,Wing Kee Mansion,16/10/2022,114.1597457,22.3279468
359,188579038,Begonia Court,16/10/2022,114.178647,22.3642639
360,770830214,Wah Hing Building,16/10/2022,114.1607603,22.3343711
361,1028434018,Happy Centre,16/10/2022,114.1630561,22.3303357
362,753291638,Green Court,16/10/2022,114.1537253,22.3400747
363,188579035,Pine Court,16/10/2022,114.1800656,22.3649992
364,494714011,Lung On Building,16/10/2022,114.1637135,22.3316049
365,695710789,Fu Wah Court,15/10/2022,114.2308188,22.3173675
366,758132180,The Ascent,15/10/2022,114.1593776,22.3364774
367,783574808,Chew Onn Building,15/10/2022,114.1590132,22.3293418
368,703349559,Tak Fu Building,15/10/2022,114.1588674,22.3286668
369,783317902,Tak Wong Building,15/10/2022,114.1625316,22.3309881
370,299215805,Peony Court,15/10/2022,114.2213974,22.3163575
371,705218342,Sun Po Building,15/10/2022,114.1606729,22.3364046
372,586076019,Sun Wing Building,15/10/2022,114.0266102,22.4460255
373,448850186,Wing Shun Building,15/10/2022,114.2242429,22.3152842
374,705218348,Hong Fook Building,14/10/2022,114.1611405,22.3357932
375,757775109,Hand Fair Court,14/10/2022,114.1578736,22.3368915
376,206061164,Kwai Cheung Building,14/10/2022,114.1262636,22.3597183
377,494506616,Graces Court,14/10/2022,114.1588256,22.3358672
378,827851777,Wai Bun Building,14/10/2022,114.1641027,22.33178
379,122353202,Wah Tong House,14/10/2022,114.2377329,22.2996326
380,450190865,Kam Hoi Mansion,14/10/2022,114.1569418,22.3294158
381,1028661048,Cheong Lok Building,14/10/2022,114.1627245,22.3302334
382,770819288,Richmond Court,14/10/2022,114.1613558,22.335197
383,1028661038,Nam Fong House,13/10/2022,114.1633059,22.3296701
384,450185041,Heya Delight,13/10/2022,114.154849,22.3397081
385,592099619,Hang Cheong Building,13/10/2022,114.0290589,22.4449853
386,817872393,Wellcome Mansion,13/10/2022,114.1620112,22.3307838
387,1028367468,Shing Lam Building,13/10/2022,114.1642161,22.3305087
388,827588228,High Point,13/10/2022,114.1650778,22.3316802
389,781684619,Harbour Park,13/10/2022,114.1603871,22.3267008
390,494453292,Hoi Cheung Building,13/10/2022,114.1667424,22.3290336
391,775678488,Fuk Lung Building,13/10/2022,114.1606835,22.3327054
392,770846621,Tsui Wan Mansion,13/10/2022,114.1605313,22.334325
393,775765312,Lan Fong Building,13/10/2022,114.1613018,22.3313335
394,753291623,Hoover Mansion,13/10/2022,114.1534482,22.3398189
395,722544959,Ka Shun Court,19/10/2022,114.1745739,22.3609966
396,696413696,Yuk Wo Court,19/10/2022,114.1959312,22.3966653
397,850113769,Mei Pak Court,19/10/2022,114.1732503,22.3783364
398,157655576,Regal Riverside Hotel,19/10/2022,114.1969439,22.3823752
399,390596838,Yuet On Building,18/10/2022,114.1774983,22.3751791
400,1023823067,Pak Tin,18/10/2022,114.1654961,22.3366059
401,41856916,Tai Shui Hang,17/10/2022,114.2221945,22.4075769
402,738820322,Rich Court,16/10/2022,114.1779048,22.3755957
403,738820327,Ka Po House,15/10/2022,114.1779296,22.3751325
404,497060868,Ngau Pei Sha Village,14/10/2022,114.2072884,22.3802054
405,136538134,Racecourse Gardens,13/10/2022,114.2079085,22.4035621
406,136842813,Chun Cheung Court,13/10/2022,114.2004726,22.3940289
407,228011331,On Tai Building,19/10/2022,114.0236551,22.442204
408,515197506,On Fai Building,19/10/2022,114.0244781,22.4427717
409,700138434,Kam Fat Building,19/10/2022,114.1525415,22.243642
410,209817116,Albany Court,19/10/2022,114.1492871,22.2437953
411,838145861,Command Tower,18/10/2022,114.1541131,22.2434165
412,178468777,Port Centre,18/10/2022,114.1549264,22.2490754
413,838145864,Billion Court,18/10/2022,114.1541945,22.2432122
414,183152363,Fairview Court,18/10/2022,114.1365719,22.2840064
415,674611346,Sunny Court,18/10/2022,114.188925,22.3225486
416,454290461,Jumbo Court,18/10/2022,114.164575,22.2457563
417,454438524,Coble Court,18/10/2022,114.1543099,22.2434885
418,346125655,Wayland House,17/10/2022,114.1483276,22.2495285
419,838104652,Tung Nam Building,16/10/2022,114.1546352,22.2437557
420,346126860,Tin Wan Court,16/10/2022,114.1491626,22.2499328
421,178740915,Yee Tiam Building,16/10/2022,114.1487069,22.2495713
422,100668257,Hung Fook Court,16/10/2022,114.2045756,22.2900975
423,838221239,Yee Hing Building,15/10/2022,114.15398,22.2435016
424,178740919,Ever Secure Mansion,15/10/2022,114.1483615,22.2497698
425,492862992,Hing Fu Building,15/10/2022,114.1552162,22.2441378
426,191223062,World Fair Court,15/10/2022,114.1388293,22.252569
427,464350748,Dor Fook Mansion,14/10/2022,114.1323792,22.26717
428,501316920,Kin Fai Building,13/10/2022,114.0323333,22.4422881
429,692735346,Seaview Court,13/10/2022,114.1690565,22.304388
430,302152664,Kar Ho Building,19/10/2022,114.0277241,22.4432556
431,447880827,Tai Po Tau,19/10/2022,114.149049,22.4581055
432,659362684,Po Wah Building,19/10/2022,114.2288903,22.2777859
433,189534579,Tak Nga Court,19/10/2022,114.1659889,22.4410786
434,481617288,Fu Hing Building,18/10/2022,114.1277304,22.5037644
435,504647295,Kai Hing Building,17/10/2022,114.1646248,22.4488811
436,222614312,Tai Wo,17/10/2022,114.1601098,22.4522084
437,391317247,Tak Kay Building,17/10/2022,114.1641667,22.4492215
438,391314709,Moon House,17/10/2022,114.1637561,22.4486883
439,453529668,Po Shing Building,15/10/2022,114.0245305,22.4432998
440,738820314,Hong Lok Building,15/10/2022,114.1786962,22.3742329
441,100668230,Pak Cheung Court,14/10/2022,114.2043468,22.2897682
442,190470900,Man Wah Building,14/10/2022,114.1687226,22.447987
443,504642003,Wing Cheung Building,14/10/2022,114.1650466,22.4483388
444,776900436,On Lok Building,13/10/2022,114.2309241,22.2815963
445,191736534,The Golden Gate,13/10/2022,114.1674401,22.4498956
446,203136653,Chen Hsin Mansion,19/10/2022,114.1167653,22.3689921
447,177654106,Cheuk Ming Mansion,18/10/2022,114.1157534,22.3716262
448,518967085,Hing Hing Building,18/10/2022,114.1169645,22.3723908
449,203586601,Peace House,17/10/2022,114.1145443,22.3699257
450,1028582200,Tai Yuen House,16/10/2022,114.1652071,22.3304595
451,838015806,Fortune Mansion,16/10/2022,114.15581,22.2440483
452,179006264,H Cube,16/10/2022,114.1174864,22.3663558
453,191955143,Jade Plaza,16/10/2022,114.1675493,22.4529914
454,492669023,On Fung Building,15/10/2022,114.15,22.2827403
455,692727669,Kam Shing Building,15/10/2022,114.1705831,22.3049665
456,451596172,Tai Wah Building,13/10/2022,114.1600022,22.3219975
457,223404497,Tsuen Fung Centre,13/10/2022,114.1195211,22.3721897
458,746325672,Rich Building,19/10/2022,114.1638138,22.3258428
459,363024790,Tuen Mun Industrial Centre,19/10/2022,113.9684777,22.395117
460,930916576,Parkview Court,19/10/2022,114.2000196,22.2585081
461,700138434,Kam Fat Building,19/10/2022,114.1525415,22.243642
462,204665753,South Hillcrest,17/10/2022,113.9836249,22.4125675
463,219523404,Siu Pong Court,17/10/2022,113.9665565,22.4071678
464,219523390,Siu Lung Court,17/10/2022,113.9642628,22.4080947
465,228411068,Ho King Building,16/10/2022,114.0236542,22.4463596
466,559068473,Victory Building,13/10/2022,114.0306013,22.4462356
467,695608060,Orchid Court,13/10/2022,114.1678677,22.3142685
468,692802816,Kam Hing Building,13/10/2022,114.1731527,22.3026555
469,183152353,Fortune Villa,13/10/2022,114.1359867,22.2844537
470,612227637,Silvervale Mansion,19/10/2022,114.1733034,22.2757514
471,493718965,Siu Fung Building,19/10/2022,114.179832,22.278304
472,729788942,Royal Villa,19/10/2022,114.1859726,22.2747826
473,743072601,Luckifast Building,19/10/2022,114.1734357,22.2763347
474,295779356,Lee Cheong Building,19/10/2022,114.178444,22.278016
475,737529118,Evone Court,19/10/2022,114.1843107,22.2693976
476,729970831,Aroma House,19/10/2022,114.1883396,22.2652879
477,493760490,On Hing Mansion,19/10/2022,114.171146,22.27551
478,487952676,Tung Shing Building,19/10/2022,114.1676567,22.3248533
479,200014105,Hoi Tao Building,19/10/2022,114.1907936,22.2866903
480,540388746,Royal Court,19/10/2022,114.1680796,22.2750916
481,737017568,Tsui Man Court,19/10/2022,114.1862119,22.2682786
482,258421156,Morrison Building,19/10/2022,113.9784904,22.3969233
483,540389804,Amber Lodge,19/10/2022,114.153907,22.28206
484,735371839,Gold Ning Mansion,19/10/2022,114.1930699,22.2739475
485,266353603,Kiu Hing Mansion,18/10/2022,114.1929379,22.282883
486,356689229,Brilliant Court,18/10/2022,114.140032,22.4922755
487,728984501,Pioneer Court,18/10/2022,114.1851239,22.2723139
488,742070251,Wing On Mansion,18/10/2022,114.1804891,22.2786569
489,738386716,Happy Mansion,18/10/2022,114.185255,22.2703443
490,231052160,Wing Hing Building,18/10/2022,114.0318937,22.4452743
491,494442418,Wun Sha Tower,18/10/2022,114.1930144,22.2784094
492,171224594,Hyde Park Mansion,18/10/2022,114.1847261,22.2816751
493,345412521,Lei Wen Court,18/10/2022,114.1867972,22.2775418
494,356689232,Elegant Court,18/10/2022,114.1393878,22.4928142
495,188579032,Lily Court,18/10/2022,114.1802927,22.3643171
496,672504416,Star Studios II,17/10/2022,114.1679509,22.2765345
497,777261137,Kanfield Mansion,17/10/2022,114.1924611,22.2776809
498,679451191,Fully Building,17/10/2022,114.174472,22.276476
499,463052917,Haven Court,17/10/2022,114.0226975,22.2936879
500,736573913,Happy Court,17/10/2022,114.1861915,22.2690779
501,738386715,Splendour Court,17/10/2022,114.1849406,22.2708441
502,171882796,Chesterfield Mansion,17/10/2022,114.1862076,22.2818893
503,493754498,Shu Tak Building,17/10/2022,114.171483,22.276049
504,540388752,Monticello,17/10/2022,114.168058,22.2743718
505,736809516,Formwell Garden,17/10/2022,114.1862308,22.2693525
506,729772394,Champion Court,17/10/2022,114.1849604,22.2712684
507,694535655,Arts Mansion,17/10/2022,114.1705838,22.3116459
508,166596279,Le Cachet,16/10/2022,114.1870438,22.2676373
509,737175264,Po Wah Court,16/10/2022,114.1849928,22.2681816
510,494213633,Horace Court,16/10/2022,114.184556,22.2687932
511,694520727,Yue King Building,16/10/2022,114.1696244,22.3109678
512,510829920,Man Hee Mansion,16/10/2022,114.169481,22.277313
513,738082954,Unique Tower,16/10/2022,114.1839727,22.2695358
514,734877093,Silverstone Mansion,16/10/2022,114.1872824,22.2675533
515,225777479,Lucky House,16/10/2022,114.1925873,22.3190044
516,227077703,Broadville,16/10/2022,114.1852039,22.2738802
517,737017571,Yuk Sing Building,16/10/2022,114.1861057,22.268655
518,680503072,Winner Building,16/10/2022,114.1892481,22.3087113
519,736573913,Happy Court,16/10/2022,114.1861915,22.2690779
520,171224598,Prospect Mansion,16/10/2022,114.1850436,22.2823997
521,429432513,Jolly Villa,16/10/2022,114.1925111,22.2772997
522,1020747908,Hawthorn Garden,16/10/2022,114.1878381,22.2664745
523,742073270,Grand View Mansion,16/10/2022,114.1787057,22.2747323
524,694051632,King's Court,16/10/2022,114.168091,22.3072548
525,200014106,Kam Tao Building,16/10/2022,114.19095,22.2868181
526,200014107,Ngan Tao Building,16/10/2022,114.1906471,22.2866132
527,82091085,Lockhart House,16/10/2022,114.1811567,22.2800861
528,515278914,Hung Yip Building,16/10/2022,114.0234151,22.4448204
529,510829919,Rialto Building,16/10/2022,114.169217,22.27698
530,734097986,Lee Wing Building,15/10/2022,114.1864067,22.3133074
531,669368201,Tak Wah Mansion,15/10/2022,114.177315,22.277794
532,673902563,Hang Tak Building,15/10/2022,114.1682865,22.2757112
533,540388745,Starlight Garden,15/10/2022,114.1680607,22.2758916
534,198994687,Hoi Deen Court,15/10/2022,114.1837029,22.2819735
535,692832322,Lei Ha Court,15/10/2022,114.1866457,22.2779175
536,171224586,Causeway Bay Mansion,15/10/2022,114.185282,22.2817561
537,266353309,Shing Loong Court,14/10/2022,114.1927975,22.2807876
538,171882797,Clarke Mansion,14/10/2022,114.1858822,22.2820139
539,759892848,Oi Kwan Court,14/10/2022,114.1796804,22.2761781
540,683468943,Cheong Ip Building,14/10/2022,114.179069,22.278466
541,493758767,Ming Yan Mansion,14/10/2022,114.170905,22.275644
542,659362713,Tung Hing Building,14/10/2022,114.230012,22.2799302
543,738082948,Fortuna Court,14/10/2022,114.183624,22.2695567
544,171882803,Marco Polo Mansion,14/10/2022,114.1859719,22.2825131
545,181966915,Mei Wah Building,14/10/2022,114.1748157,22.276629
546,738386718,Blue Pool Mansion,14/10/2022,114.1851333,22.2702771
547,437142690,Cheong Chun Building,14/10/2022,114.177429,22.277191
548,781684617,Beverly Court,13/10/2022,114.160357,22.3270108
549,743184340,Kelly House,13/10/2022,114.1702059,22.2765021
550,121265512,Kin On House,13/10/2022,114.2277719,22.3160716
551,760033372,Sun Tao Building,13/10/2022,114.1797741,22.2772807
552,171224599,Riviera Mansion,13/10/2022,114.1847257,22.2823445
553,171224590,Haywood Mansion,13/10/2022,114.1847285,22.2820787
554,738384855,Palm Court,13/10/2022,114.1864359,22.2678749
555,746979918,Golden Court,13/10/2022,114.1858378,22.3074714
556,737017569,Le Village,13/10/2022,114.1863141,22.2685045
557,735371834,Gold King Mansion,13/10/2022,114.1931295,22.2741673
558,228411069,On Lee Building,19/10/2022,114.0245372,22.4463492
559,302152813,Po Fat Building,19/10/2022,114.0284307,22.4434242
560,110114477,Choi Fung Court,19/10/2022,114.2130255,22.3349466
561,493121460,San Po Kong Mansion,19/10/2022,114.1948784,22.3358974
562,533335772,King Tai Court,19/10/2022,114.2001442,22.335255
563,109743689,King Hin Court,19/10/2022,114.209034,22.3415004
564,429420018,Yan Oi Building,18/10/2022,114.194955,22.3352351
565,669954510,Ying Fuk Court,18/10/2022,114.1952421,22.3467048
566,507890700,Kam On Building,17/10/2022,114.0264147,22.4424962
567,109681439,Kwong Fat Building,16/10/2022,114.2019271,22.3471043
568,1069920313,Chee Lok Building,16/10/2022,114.2015097,22.3464147
569,1069920304,Winfair Building,16/10/2022,114.2012805,22.3465205
570,1069923446,Manning Theatre Building,16/10/2022,114.2023447,22.3470759
571,108926999,Pang Ching Court,16/10/2022,114.1906047,22.3457162
572,823295806,Che Cheung Building,15/10/2022,114.2016454,22.3465752
573,1069920318,Che Wah Building,15/10/2022,114.2020664,22.3463042
574,459017739,Kam Kwok Building,15/10/2022,114.1881718,22.335813
575,746151944,Hang On Building,14/10/2022,114.1684925,22.3255876
576,698180326,Yin Hing Building,14/10/2022,114.1943619,22.3354493
577,882787788,Fung Chuen Court,14/10/2022,114.1994712,22.3441057
578,450604817,Chung Wo Building,19/10/2022,114.1618314,22.3224303
579,451599248,Chung Kin Building,19/10/2022,114.1603898,22.323019
580,451596171,Chung Sing Building,19/10/2022,114.1600011,22.3224408
581,450605390,Chung Hing Building,19/10/2022,114.1603938,22.3224187
582,102368457,Shining Heights,19/10/2022,114.1620203,22.3254863
583,694539974,Yen Chun Mansion,19/10/2022,114.1703914,22.3123879
584,692719642,Lee Loy Mansion,19/10/2022,114.168395,22.303854
585,695608074,Lauren Court,19/10/2022,114.168044,22.3138627
586,692957174,South Sea Apartments,19/10/2022,114.1759989,22.3010869
587,694535660,Camy House,19/10/2022,114.1708436,22.3112126
588,746293639,Tai Chi Building,19/10/2022,114.1673083,22.324178
589,488375709,Pacific Building,19/10/2022,114.1748513,22.3014279
590,692796099,Flordia Mansion,19/10/2022,114.1737335,22.3028655
591,235253971,Po Lun House,19/10/2022,113.9772679,22.3849848
592,694034245,Kung Sheung Mansions,19/10/2022,114.1693682,22.3060226
593,37517585,Royal Plaza Hotel,19/10/2022,114.1733328,22.3246325
594,694051613,Kwong Hing Building,19/10/2022,114.1680513,22.3067954
595,694029107,Tak Lee Building,19/10/2022,114.1688738,22.3066233
596,694205512,Tak Cheong Building,19/10/2022,114.169019,22.3087223
597,694775347,Tak Cheong Court,19/10/2022,114.167943,22.3130847
598,457395712,Man Cheong Building,19/10/2022,114.165653,22.308297
599,178740246,Man King Building,19/10/2022,114.1478338,22.2498999
600,457395708,Man Yiu Building,19/10/2022,114.1655692,22.307984
601,457395707,Man Yuen Building,19/10/2022,114.1665179,22.3077666
602,457395710,Man Ying Building,19/10/2022,114.1664341,22.3074536
603,30658239,Metropark Hotel Mongkok,19/10/2022,114.1671611,22.3236613
604,692964647,Lok Fun Mansion,19/10/2022,114.1737414,22.3011916
605,737017571,Yuk Sing Building,19/10/2022,114.1861057,22.268655
606,746156513,Circle Garden,19/10/2022,114.1702216,22.3251894
607,515195973,Wing Tai Building,19/10/2022,114.025119,22.4427747
608,454484236,Winfield Building,19/10/2022,114.1846541,22.2739733
609,197982275,Wing Wah Building,19/10/2022,114.1882392,22.3064263
610,564015863,Tai Fung House,19/10/2022,114.0299876,22.4461159
611,695841944,Cheung Hing Building,19/10/2022,114.1708648,22.3138877
612,692733061,Fook Yuen Mansion,19/10/2022,114.169264,22.3043474
613,485604641,Jade Court,19/10/2022,114.1226191,22.3696314
614,540717099,Luen Tak Building,19/10/2022,114.1434443,22.2876178
615,746293660,Nan Yuen Building,19/10/2022,114.16658,22.324912
616,692937814,Kency Tower,19/10/2022,114.1762511,22.3018512
617,694539982,Man Wing Building,19/10/2022,114.1706565,22.3122172
618,488375714,Kimberley Mansion,19/10/2022,114.175385,22.3020494
619,316843233,King Wang Heights,19/10/2022,114.1634751,22.319058
620,241998990,Kam Chung Building,19/10/2022,114.1702767,22.2785329
621,746151965,Jean House,19/10/2022,114.1687123,22.3260522
622,254652838,Holiday Inn Golden Mile,19/10/2022,114.1730196,22.2966738
623,695849358,Stanford Hotel,18/10/2022,114.1729978,22.3169332
624,694056699,Wai Ching Mansion,18/10/2022,114.1676996,22.3071673
625,780797913,Tsin Shui Mansion,18/10/2022,114.1614138,22.3209611
626,746835814,Yau Shing Building,18/10/2022,114.1335214,22.3687177
627,692972859,Ka Wing Building,18/10/2022,114.1739249,22.3000568
628,695841961,The Cityview,18/10/2022,114.1715118,22.3136118
629,501116266,Po Fung Building,18/10/2022,114.0274193,22.4459696
630,746293618,Kin Wong House,18/10/2022,114.1663778,22.3242174
631,746293562,Hing Lin Building,18/10/2022,114.1653717,22.324324
632,190470900,Man Wah Building,18/10/2022,114.1687226,22.447987
633,457395711,Man Fai Building,18/10/2022,114.1654854,22.307671
634,980143742,Mascot House,18/10/2022,114.1689516,22.3219655
635,695608084,Tung On Court,18/10/2022,114.1672013,22.3140826
636,448850186,Wing Shun Building,18/10/2022,114.2242429,22.3152842
637,693480855,Hai Phong Mansion,18/10/2022,114.1720033,22.2981108
638,694051632,King's Court,18/10/2022,114.168091,22.3072548
639,228013067,Hing Wong Mansion,18/10/2022,114.0268215,22.4417665
640,488375717,Companion Court,18/10/2022,114.1749418,22.3024143
641,746198226,Ying Loy Mansion,18/10/2022,114.1667497,22.3255484
642,746293581,Lai Chi Mansion,18/10/2022,114.1660638,22.3240961
643,694056700,Wah Wai Mansion,18/10/2022,114.1677746,22.3074335
644,589474811,Kam Tong Building,18/10/2022,114.0298924,22.4416243
645,457398855,B.P. International,18/10/2022,114.1691932,22.3027945
646,450601350,Chung Mei Building,17/10/2022,114.1618345,22.3226154
647,746152016,Kenwood Mansion,17/10/2022,114.1693613,22.3256324
648,692964652,Stanford Hillview Hotel,17/10/2022,114.1746652,22.3013761
649,695023060,Jolly Garden,17/10/2022,114.1692063,22.3103715
650,746151963,Tung Fat House,17/10/2022,114.1687548,22.3258529
651,488375716,Carnival Mansion,17/10/2022,114.1749896,22.302301
652,692937812,Dolford Mansion,17/10/2022,114.1759445,22.3019638
653,121265571,Tai On House,17/10/2022,114.2279987,22.3157152
654,746293625,Tai Wah House,17/10/2022,114.1668918,22.3239958
655,694722912,Tak Yue Mansion,17/10/2022,114.1693923,22.3134515
656,694775344,Tak Hay Building,17/10/2022,114.1675862,22.313117
657,589993223,Man Tak Building,17/10/2022,114.0294632,22.4417631
658,457395709,Man Wai Building,17/10/2022,114.1666017,22.3080796
659,694520751,Tung Po Court,17/10/2022,114.1692403,22.3118355
660,494459443,Cosmopolitan Centre,17/10/2022,114.1689908,22.3237878
661,571014898,Tung Fat Building,17/10/2022,114.0226482,22.446271
662,494297967,Wing Kwong Building,17/10/2022,114.1670394,22.3231927
663,692719636,Wai Hang Building,17/10/2022,114.1682808,22.3033227
664,693050555,Park Hotel,17/10/2022,114.1752397,22.299459
665,184765711,Bridal Tea House Hotel,17/10/2022,114.1834731,22.3066584
666,693480856,Tsim Sha Tsui Mansion,17/10/2022,114.1720259,22.2978927
667,316843231,King Tong Heights,17/10/2022,114.1635235,22.31931
668,691449751,Comfort Court,17/10/2022,114.1878312,22.3303826
669,451599247,Chung Yew Building,16/10/2022,114.1602791,22.3230064
670,694056703,Wai Yip Building,16/10/2022,114.167845,22.30773
671,692937803,Kiu Fung Mansion,16/10/2022,114.1754627,22.3028417
672,710583147,Bijou Court,16/10/2022,114.1691286,22.3240042
673,738820327,Ka Po House,16/10/2022,114.1779296,22.3751325
674,746152034,Fulland Court,16/10/2022,114.1697948,22.32625
675,695610687,Po Hang Building,16/10/2022,114.1675536,22.3148516
676,692796098,Quality Tower,16/10/2022,114.1736753,22.3029958
677,388822125,Bute Wah Mansion,16/10/2022,114.166958,22.3219398
678,442607006,Hang Wan House,16/10/2022,114.0231155,22.4474306
679,457625714,Wing Fai Building,16/10/2022,114.2252295,22.3158304
680,715087994,Tai On Court,16/10/2022,114.2298267,22.2795094
681,695608062,Season Mansion,16/10/2022,114.1678818,22.3144867
682,265235844,Yuen Fat Building,16/10/2022,114.1540753,22.3238777
683,233032254,Boundary Building,16/10/2022,114.1612463,22.3257902
684,692796108,Cheung King Mansion,16/10/2022,114.1742418,22.3031412
685,692810731,National Court,16/10/2022,114.1718292,22.3050047
686,693050542,Wah Fai Mansion,16/10/2022,114.1745684,22.2998461
687,693050540,Lising Court,16/10/2022,114.1744337,22.2998383
688,488375679,Golden House,16/10/2022,114.1763509,22.3019984
689,391317235,Kam Fai Building,16/10/2022,114.1641421,22.4493247
690,225777479,Lucky House,16/10/2022,114.1925873,22.3190044
691,738820330,Lai Ming Building,16/10/2022,114.1780201,22.3749113
692,451716269,Mayfair Mansion,16/10/2022,114.1648479,22.3202544
693,453008554,Wai Fat Building,15/10/2022,114.0325234,22.4441109
694,228011332,On Hong Building,15/10/2022,114.0234491,22.4422089
695,494513748,Richview Mansion,15/10/2022,114.1611014,22.3348601
696,695857077,Fu Wah Building,15/10/2022,114.1737644,22.3170086
697,692810666,Pollock Building,15/10/2022,114.1726923,22.3047256
698,694775350,Hang Yue Court,15/10/2022,114.1674587,22.3131657
699,451881301,Hang Tung Building,15/10/2022,114.1671531,22.3210798
700,692733070,The Tun Shing Mansion,15/10/2022,114.1694009,22.3050676
701,746369196,Cheong Moon Building,15/10/2022,114.1641958,22.3204182
702,492807121,Winner Mansion,15/10/2022,114.2276356,22.277581
703,692798457,Windsor Mansion,15/10/2022,114.1749158,22.3028896
704,507935421,Fuk Hing Building,15/10/2022,114.0247975,22.4444155
705,355117458,Fa Yuen Mansion,15/10/2022,114.1697466,22.3250569
706,695841962,Mongkok Building,15/10/2022,114.1705958,22.3139886
707,695857050,Wah Sun Building,15/10/2022,114.1721612,22.3162363
708,488375680,Grandview Mansion,15/10/2022,114.1763588,22.3019967
709,692964658,Holly Mansion,15/10/2022,114.1738538,22.3008275
710,184765714,Harbour Plaza Metropolis,15/10/2022,114.1832997,22.3017859
711,746325661,Kam Lai Court,15/10/2022,114.1644067,22.3253797
712,356689229,Brilliant Court,15/10/2022,114.140032,22.4922755
713,493956662,Siu Hing Building,15/10/2022,114.169803,22.3055116
714,694337100,"Eaton, Hong Kong",15/10/2022,114.1716604,22.3079225
715,692806449,Highview,15/10/2022,114.173441,22.303754
716,692964684,The Empire Hotel Kowloon,14/10/2022,114.1749491,22.3006528
717,692719637,Garden Building,14/10/2022,114.1684226,22.3034875
718,746198195,Lee Luen Mansion,14/10/2022,114.1676186,22.3258981
719,695030769,Hamilton Building,14/10/2022,114.1694092,22.3144601
720,746325642,Tong Mei House,14/10/2022,114.1646713,22.3250389
721,403223209,Harilela Mansion,14/10/2022,114.1720559,22.297361
722,692810719,Ka Shun House,14/10/2022,114.1723155,22.3052204
723,692798462,Observatory Mansion,14/10/2022,114.1749013,22.3017725
724,302152813,Po Fat Building,14/10/2022,114.0284307,22.4434242
725,659362684,Po Wah Building,14/10/2022,114.2288903,22.2777859
726,254652609,Imperial Hotel,14/10/2022,114.1724277,22.2962638
727,694539983,Nathan Road Court,14/10/2022,114.1706241,22.3123807
728,777658330,Chee On Building,14/10/2022,114.1643638,22.3220065
729,695608084,Tung On Court,14/10/2022,114.1672013,22.3140826
730,746293672,Yiu Ming Building,14/10/2022,114.165722,22.3251859
731,757606068,Tat Ming Building,14/10/2022,114.1581153,22.3374318
732,694535655,Arts Mansion,14/10/2022,114.1705838,22.3116459
733,694051626,Kay Pont Building,14/10/2022,114.1678626,22.3065806
734,451599249,Chung Yuen Building,13/10/2022,114.1609542,22.3230221
735,694337060,Kim Tak Building,13/10/2022,114.1716519,22.3065923
736,692733054,Heep Cheung Building,13/10/2022,114.1695825,22.3048571
737,694337081,Excelsior Building,13/10/2022,114.1716192,22.3073323
738,451715266,Park Ivy,13/10/2022,114.16384,22.3211902
739,302152815,Po On Building,13/10/2022,114.031977,22.4442244
740,692605010,Po Lok Mansion,13/10/2022,114.170322,22.3039513
741,692605016,Parkes Mansion,13/10/2022,114.1706552,22.3037266
742,694667603,Tougha Mansion,13/10/2022,114.171055,22.3118073
743,694205513,Dickson Building,13/10/2022,114.1689758,22.3087005
744,692810727,Prudential Centre,13/10/2022,114.1721095,22.3040213
745,777658281,Sun Hon House,13/10/2022,114.163988,22.3232418
746,659362713,Tung Hing Building,13/10/2022,114.230012,22.2799302
747,451724916,Bedford 28,13/10/2022,114.1648551,22.3225167
748,746325641,Winki House,13/10/2022,114.1646374,22.3252038
749,316843189,Greenfield Garden,13/10/2022,114.1654979,22.3199984
750,694502362,Chak Fung House,13/10/2022,114.1714066,22.3099637
751,746152029,Jenny's Court,13/10/2022,114.1700521,22.3261104
752,783681420,Pak Cheung Building,13/10/2022,114.1606181,22.3283151
753,777658355,Fuk Ming Building,13/10/2022,114.1640201,22.3215918
754,494702551,Folkland Mansion,13/10/2022,114.1635865,22.3233014
755,692957168,Creative Mansion,13/10/2022,114.1759917,22.3017138
756,921606533,Man Lee Building,13/10/2022,114.1612004,22.3237483
757,201152957,Tin Lai Court,19/10/2022,114.0080299,22.4528
758,228413392,Ho Shun Fuk Building,19/10/2022,114.0262396,22.4452344
759,699186181,Wang Fung Building,19/10/2022,114.188783,22.3152313
760,189408608,Fu King Building,19/10/2022,114.165152,22.4479705
761,559069564,Kin On Building,19/10/2022,114.0307244,22.4460658
762,501316920,Kin Fai Building,19/10/2022,114.0323333,22.4422881
763,228011330,Yee Hong Building,19/10/2022,114.023455,22.4419329
764,453015450,Cheong Wai Building,19/10/2022,114.033248,22.4443135
765,231329528,Tung Fai Court,19/10/2022,114.0309653,22.4456968
766,231052160,Wing Hing Building,19/10/2022,114.0318937,22.4452743
767,231052160,Wing Hing Building,19/10/2022,114.0318937,22.4452743
768,496314769,Kam Long Building,19/10/2022,114.0290269,22.4423595
769,178468782,Kam Fung Building,19/10/2022,114.1553948,22.2484604
770,441737524,Fortune Centre,19/10/2022,114.0329432,22.4426773
771,515862198,Kan Yip Building,18/10/2022,114.0247562,22.4448077
772,302152666,Kar Shing Building,18/10/2022,114.0270785,22.442895
773,448227041,Tak Cheung Building,18/10/2022,113.9956178,22.4324945
774,302152525,Hang Fat Mansion,18/10/2022,114.0315565,22.4442838
775,496319199,Yick Lee Mansion,18/10/2022,114.0298787,22.4411577
776,207402927,Kui Fat Building,18/10/2022,114.0300607,22.4433947
777,207402920,Full Yau Court,16/10/2022,114.0311937,22.4430526
778,674009627,Po Yick Building,16/10/2022,114.1514841,22.2853337
779,440954537,Hang Fu Building,16/10/2022,114.0304793,22.4427697
780,228136642,Wing Fat House,16/10/2022,114.0217229,22.4460232
781,737017571,Yuk Sing Building,16/10/2022,114.1861057,22.268655
782,515193765,Kingston Court,15/10/2022,114.0246904,22.4429692
783,496314132,Hoi Shuen Building,15/10/2022,114.029239,22.4420217
784,231052157,Lee Kwan Building,15/10/2022,114.0319036,22.4452858
785,411044772,Wang Fu Court,15/10/2022,114.0280824,22.4510906
786,232602469,Lin Fat Building,15/10/2022,114.0349617,22.4425853
787,566500515,Man Yu Building,15/10/2022,114.030272,22.4459147
788,197982282,Lok Fu Building,15/10/2022,114.1877984,22.3059263
789,496315281,Mau Tan Mansion,15/10/2022,114.029098,22.4430016
790,207402930,Opulence Height,15/10/2022,114.0306073,22.4443016
791,584193808,Shun Fat House,15/10/2022,114.0269316,22.4432164
792,442442901,Shun Fung Building,15/10/2022,114.0334815,22.4440017
793,302152815,Po On Building,14/10/2022,114.031977,22.4442244
794,453008554,Wai Fat Building,14/10/2022,114.0325234,22.4441109
795,507897770,Ho Choi Building,14/10/2022,114.0240486,22.4427705
796,222761434,On Ning Building,14/10/2022,114.1900187,22.3824291
797,481617288,Fu Hing Building,14/10/2022,114.1277304,22.5037644
798,302152489,Chit Wing Building,14/10/2022,114.0284308,22.4430634
799,691060091,Hing Fat House,14/10/2022,114.1884534,22.328903
800,302152528,Hing Fat Building,14/10/2022,114.0282157,22.4434135
801,231329529,Winland Building,14/10/2022,114.0302753,22.4452729
802,507933039,King Wah Court,13/10/2022,114.0252543,22.4422343
803,502107906,Tai Hang Building,13/10/2022,114.0294885,22.4464002
804,453529668,Po Shing Building,13/10/2022,114.0245305,22.4432998
805,564031154,Orion Court,13/10/2022,114.0292537,22.4429995
806,232602471,Wing Fu Mansion,13/10/2022,114.0339803,22.4434409
807,207402929,Mariana Building,13/10/2022,114.031171,22.4423563
808,232602476,Yuk Lung Mansion,13/10/2022,114.0335906,22.4426178
809,302152795,Pak Yee Building,13/10/2022,114.0276403,22.4430356
